[
{
  "model": "auth.user",
  "pk": 1,
  "fields": {
    "password": "pbkdf2_sha256$216000$qBn14dOu3kwx$vjkiFNwa7WgqxjRJm5Cf1JKKxHSsVuV+sEulFkN47hg=",
    "last_login": "2021-03-04T07:58:47.537Z",
    "is_superuser": true,
    "username": "Kaisar",
    "first_name": "",
    "last_name": "",
    "email": "kaucap.bm94@gmail.com",
    "is_staff": true,
    "is_active": true,
    "date_joined": "2021-02-05T11:47:54Z",
    "groups": [
      1,
      2
    ],
    "user_permissions": []
  }
},
{
  "model": "auth.user",
  "pk": 2,
  "fields": {
    "password": "pbkdf2_sha256$216000$WavPmT1ZgrAv$Shm2N1L+LoVoc5y5MeYt1xDfS2wwfLjnCxHpa6elwcM=",
    "last_login": "2021-03-04T07:57:37.367Z",
    "is_superuser": false,
    "username": "gulnar",
    "first_name": "",
    "last_name": "",
    "email": "",
    "is_staff": false,
    "is_active": true,
    "date_joined": "2021-02-12T07:06:53Z",
    "groups": [
      1,
      2
    ],
    "user_permissions": []
  }
},
{
  "model": "auth.user",
  "pk": 3,
  "fields": {
    "password": "pbkdf2_sha256$216000$PpUjNMW9TSsI$P0gntXeik64bEnr6GPO6ull1hKLBR08Wz5jlnPS8ymg=",
    "last_login": null,
    "is_superuser": false,
    "username": "aiganym",
    "first_name": "",
    "last_name": "",
    "email": "",
    "is_staff": false,
    "is_active": true,
    "date_joined": "2021-02-12T07:07:31Z",
    "groups": [
      1
    ],
    "user_permissions": []
  }
},
{
  "model": "auth.user",
  "pk": 4,
  "fields": {
    "password": "pbkdf2_sha256$216000$Deu1Y2nqHgI2$WxuKV/tkH4yH6mhJ70bxajoHQsZ3XOCwehinScwhd+w=",
    "last_login": null,
    "is_superuser": false,
    "username": "nazym",
    "first_name": "",
    "last_name": "",
    "email": "",
    "is_staff": false,
    "is_active": true,
    "date_joined": "2021-02-12T07:08:03Z",
    "groups": [
      1
    ],
    "user_permissions": []
  }
},
{
  "model": "auth.user",
  "pk": 5,
  "fields": {
    "password": "pbkdf2_sha256$216000$vVofeA91wcQJ$kcUb1dBtkI8vsgJFL62wbSyj/f6tVPgpoa8aSXXudJc=",
    "last_login": null,
    "is_superuser": false,
    "username": "ruslan",
    "first_name": "",
    "last_name": "",
    "email": "",
    "is_staff": false,
    "is_active": true,
    "date_joined": "2021-02-12T07:08:38Z",
    "groups": [
      1
    ],
    "user_permissions": []
  }
},
{
  "model": "auth.user",
  "pk": 6,
  "fields": {
    "password": "pbkdf2_sha256$216000$7HYkvM7MlWFj$1nW01/FtQ/lx2fAvH2BWxq4ff9OzbErbnnC1nqgOnMM=",
    "last_login": null,
    "is_superuser": false,
    "username": "bauyrzhan",
    "first_name": "",
    "last_name": "",
    "email": "",
    "is_staff": false,
    "is_active": true,
    "date_joined": "2021-02-12T07:09:06Z",
    "groups": [
      1
    ],
    "user_permissions": []
  }
},
{
  "model": "auth.user",
  "pk": 7,
  "fields": {
    "password": "pbkdf2_sha256$216000$Mv8pZXxJ50qP$VDqLBD6G0FvdN2BHTb80zBvEM1qcbiex532JjZpfFZc=",
    "last_login": "2021-03-04T07:55:33.667Z",
    "is_superuser": false,
    "username": "aizada",
    "first_name": "",
    "last_name": "",
    "email": "",
    "is_staff": false,
    "is_active": true,
    "date_joined": "2021-02-12T11:52:29Z",
    "groups": [
      1
    ],
    "user_permissions": []
  }
},
{
  "model": "auth.group",
  "pk": 1,
  "fields": {
    "name": "expert",
    "permissions": []
  }
},
{
  "model": "auth.group",
  "pk": 2,
  "fields": {
    "name": "primary-expert",
    "permissions": []
  }
},
{
  "model": "dmm.expert",
  "pk": "00d52d59-b11d-4aa2-8f12-f1fda93857b5",
  "fields": {
    "user": 7,
    "name": "Айзада",
    "chat_id": 1
  }
},
{
  "model": "dmm.expert",
  "pk": "1539cc3a-e6e2-4715-8db8-df56c6c43bf5",
  "fields": {
    "user": 2,
    "name": "Гульнара",
    "chat_id": 1
  }
},
{
  "model": "dmm.expert",
  "pk": "4716bf12-bcbb-4818-8b8f-9ded024cd7e6",
  "fields": {
    "user": 4,
    "name": "Назым",
    "chat_id": 0
  }
},
{
  "model": "dmm.expert",
  "pk": "5ba34f8a-4b30-442c-ad91-b0691f3a59c4",
  "fields": {
    "user": 6,
    "name": "Бауыржан",
    "chat_id": 1
  }
},
{
  "model": "dmm.expert",
  "pk": "abd738dd-6bea-48ac-a3aa-1d3b620017c6",
  "fields": {
    "user": 5,
    "name": "Руслан",
    "chat_id": 1
  }
},
{
  "model": "dmm.expert",
  "pk": "f9f5b2d8-0947-4bbc-9931-3faa839001e5",
  "fields": {
    "user": 1,
    "name": "Кайсар",
    "chat_id": 1
  }
},
{
  "model": "dmm.expert",
  "pk": "fbef2367-1685-4436-95e9-37c55a945f50",
  "fields": {
    "user": 3,
    "name": "Айганым",
    "chat_id": 1
  }
},
{
  "model": "dmm.languagetype",
  "pk": 1,
  "fields": {
    "name": "Russian",
    "code": "ru"
  }
},
{
  "model": "dmm.languagetype",
  "pk": 2,
  "fields": {
    "name": "Kazakh",
    "code": "kk"
  }
},
{
  "model": "dmm.languagetype",
  "pk": 3,
  "fields": {
    "name": "English",
    "code": "en"
  }
},
{
  "model": "dmm.resourcetype",
  "pk": 1,
  "fields": {
    "name": "Instagram"
  }
},
{
  "model": "dmm.resourcetype",
  "pk": 2,
  "fields": {
    "name": "Telegram"
  }
},
{
  "model": "dmm.resourcetype",
  "pk": 3,
  "fields": {
    "name": "Вконтакте"
  }
},
{
  "model": "dmm.resourcetype",
  "pk": 4,
  "fields": {
    "name": "Одноклассники"
  }
},
{
  "model": "dmm.resourcetype",
  "pk": 5,
  "fields": {
    "name": "2ch"
  }
},
{
  "model": "dmm.resourcetype",
  "pk": 6,
  "fields": {
    "name": "Новостные порталы"
  }
},
{
  "model": "dmm.resourcetype",
  "pk": 7,
  "fields": {
    "name": "Википедия"
  }
},
{
  "model": "dmm.resourcetype",
  "pk": 8,
  "fields": {
    "name": "Facebook"
  }
},
{
  "model": "dmm.resourcetype",
  "pk": 9,
  "fields": {
    "name": "Youtube"
  }
},
{
  "model": "dmm.resourcetype",
  "pk": 10,
  "fields": {
    "name": "Twitter"
  }
},
{
  "model": "dmm.contenttype",
  "pk": 1,
  "fields": {
    "name": "article"
  }
},
{
  "model": "dmm.contenttype",
  "pk": 2,
  "fields": {
    "name": "post"
  }
},
{
  "model": "dmm.contenttype",
  "pk": 3,
  "fields": {
    "name": "repost"
  }
},
{
  "model": "dmm.contenttype",
  "pk": 4,
  "fields": {
    "name": "tweet"
  }
},
{
  "model": "dmm.contenttype",
  "pk": 5,
  "fields": {
    "name": "video"
  }
},
{
  "model": "dmm.result",
  "pk": "10835248-f9fb-462e-9ff4-ec7abc82896b",
  "fields": {
    "text": "",
    "title": "Lorem ipsum dolor sit amet, consectetur adipiscing elit. Lorem ipsum dolor sit amet, consectetur adipiscing elit.",
    "url": "https://github.com/",
    "language_type": 1,
    "resource_type": 1,
    "content_type": 1,
    "date": "2021-03-03T05:58:00Z",
    "created": "2021-03-03T11:58:17.498Z",
    "modified": "2021-03-03T11:58:17.498Z",
    "expert": "00d52d59-b11d-4aa2-8f12-f1fda93857b5"
  }
},
{
  "model": "dmm.result",
  "pk": "17ee5853-4804-438c-b85b-aef847ba23d3",
  "fields": {
    "text": "Lorem ipsum dolor sit amet, consectetur adipiscing elit. Lorem ipsum dolor sit amet, consectetur adipiscing elit.",
    "title": "Lorem ipsum dolor sit amet, consectetur adipiscing elit. Lorem ipsum dolor sit amet, consectetur adipiscing elit.",
    "url": "https://github.com/",
    "language_type": 1,
    "resource_type": 1,
    "content_type": 1,
    "date": "2021-03-03T04:15:00Z",
    "created": "2021-03-03T10:16:00.661Z",
    "modified": "2021-03-03T10:16:00.661Z",
    "expert": "f9f5b2d8-0947-4bbc-9931-3faa839001e5"
  }
},
{
  "model": "dmm.result",
  "pk": "1bb7ecdd-adcb-446b-81c0-0c30f5263eae",
  "fields": {
    "text": "Lorem ipsum dolor sit amet, consectetur adipiscing elit. Lorem ipsum dolor sit amet, consectetur adipiscing elit.",
    "title": "Lorem ipsum dolor sit amet, consectetur adipiscing elit. Lorem ipsum dolor sit amet, consectetur adipiscing elit.",
    "url": "https://github.com/",
    "language_type": 1,
    "resource_type": 1,
    "content_type": 1,
    "date": "2021-03-03T04:42:00Z",
    "created": "2021-03-03T10:42:37.397Z",
    "modified": "2021-03-03T10:42:37.397Z",
    "expert": "f9f5b2d8-0947-4bbc-9931-3faa839001e5"
  }
},
{
  "model": "dmm.result",
  "pk": "326c607b-b7a4-451c-8a64-1af26cd83020",
  "fields": {
    "text": "Lorem ipsum dolor sit amet, consectetur adipiscing elit. Lorem ipsum dolor sit amet, consectetur adipiscing elit.",
    "title": "Lorem ipsum dolor sit amet, consectetur adipiscing elit. Lorem ipsum dolor sit amet, consectetur adipiscing elit.",
    "url": "https://github.com/",
    "language_type": 1,
    "resource_type": 1,
    "content_type": 1,
    "date": "2021-03-03T04:26:00Z",
    "created": "2021-03-03T10:26:11.180Z",
    "modified": "2021-03-03T10:26:11.180Z",
    "expert": "f9f5b2d8-0947-4bbc-9931-3faa839001e5"
  }
},
{
  "model": "dmm.result",
  "pk": "36fa9b63-6b19-41e9-ba61-8ea620bfadac",
  "fields": {
    "text": "Lorem ipsum dolor sit amet, consectetur adipiscing elit. Lorem ipsum dolor sit amet, consectetur adipiscing elit.",
    "title": "Lorem ipsum dolor sit amet, consectetur adipiscing elit. Lorem ipsum dolor sit amet, consectetur adipiscing elit.",
    "url": "https://github.com/",
    "language_type": 1,
    "resource_type": 1,
    "content_type": 1,
    "date": "2021-03-03T04:48:00Z",
    "created": "2021-03-03T10:48:50.429Z",
    "modified": "2021-03-03T10:48:50.429Z",
    "expert": "f9f5b2d8-0947-4bbc-9931-3faa839001e5"
  }
},
{
  "model": "dmm.result",
  "pk": "3f41d900-732c-43b6-969f-fc601e27a79a",
  "fields": {
    "text": "Lorem ipsum dolor sit amet, consectetur adipiscing elit. Lorem ipsum dolor sit amet, consectetur adipiscing elit.",
    "title": "Lorem ipsum dolor sit amet, consectetur adipiscing elit. Lorem ipsum dolor sit amet, consectetur adipiscing elit.",
    "url": "https://github.com/",
    "language_type": 1,
    "resource_type": 1,
    "content_type": 1,
    "date": "2021-03-03T04:15:00Z",
    "created": "2021-03-03T10:15:39.531Z",
    "modified": "2021-03-03T10:15:39.531Z",
    "expert": "f9f5b2d8-0947-4bbc-9931-3faa839001e5"
  }
},
{
  "model": "dmm.result",
  "pk": "52399e9c-630f-43d1-86d3-f07b2b0ce62f",
  "fields": {
    "text": "",
    "title": "Lorem ipsum dolor sit amet, consectetur adipiscing elit. Lorem ipsum dolor sit amet, consectetur adipiscing elit.",
    "url": "https://github.com/",
    "language_type": 1,
    "resource_type": 1,
    "content_type": 1,
    "date": "2021-03-03T05:53:00Z",
    "created": "2021-03-03T11:54:47.174Z",
    "modified": "2021-03-03T11:54:47.174Z",
    "expert": "00d52d59-b11d-4aa2-8f12-f1fda93857b5"
  }
},
{
  "model": "dmm.result",
  "pk": "6529b9bc-a0bf-4ea4-a6bc-28813c663ead",
  "fields": {
    "text": "",
    "title": "HERE",
    "url": "https://github.com/",
    "language_type": 1,
    "resource_type": 1,
    "content_type": 1,
    "date": "2021-03-03T05:58:00Z",
    "created": "2021-03-03T11:58:37.991Z",
    "modified": "2021-03-03T11:58:37.991Z",
    "expert": "00d52d59-b11d-4aa2-8f12-f1fda93857b5"
  }
},
{
  "model": "dmm.result",
  "pk": "7d6add77-01cf-4a05-a646-f879dcf4aa4a",
  "fields": {
    "text": "Lorem ipsum dolor sit amet, consectetur adipiscing elit. Lorem ipsum dolor sit amet, consectetur adipiscing elit.",
    "title": "Lorem ipsum dolor sit amet, consectetur adipiscing elit. Lorem ipsum dolor sit amet, consectetur adipiscing elit.",
    "url": "https://github.com/",
    "language_type": 1,
    "resource_type": 1,
    "content_type": 1,
    "date": "2021-03-03T04:24:00Z",
    "created": "2021-03-03T10:24:56.167Z",
    "modified": "2021-03-03T10:24:56.167Z",
    "expert": "f9f5b2d8-0947-4bbc-9931-3faa839001e5"
  }
},
{
  "model": "dmm.result",
  "pk": "8ecfbbc7-f598-41c4-8f2d-7c8bf30db143",
  "fields": {
    "text": "",
    "title": "Lorem ipsum dolor sit amet, consectetur adipiscing elit. Lorem ipsum dolor sit amet, consectetur adipiscing elit.",
    "url": "https://github.com/",
    "language_type": 1,
    "resource_type": 1,
    "content_type": 1,
    "date": "2021-03-03T05:48:00Z",
    "created": "2021-03-03T11:48:09.680Z",
    "modified": "2021-03-03T11:48:09.680Z",
    "expert": "00d52d59-b11d-4aa2-8f12-f1fda93857b5"
  }
},
{
  "model": "dmm.result",
  "pk": "95597d33-d2d9-4233-a25e-e0dbb37ad11a",
  "fields": {
    "text": "Lorem ipsum dolor sit amet, consectetur adipiscing elit. Lorem ipsum dolor sit amet, consectetur adipiscing elit.",
    "title": "Lorem ipsum dolor sit amet, consectetur adipiscing elit. Lorem ipsum dolor sit amet, consectetur adipiscing elit.",
    "url": "https://github.com/",
    "language_type": 1,
    "resource_type": 1,
    "content_type": 1,
    "date": "2021-03-03T03:36:00Z",
    "created": "2021-03-03T09:39:28.713Z",
    "modified": "2021-03-03T09:39:28.713Z",
    "expert": "f9f5b2d8-0947-4bbc-9931-3faa839001e5"
  }
},
{
  "model": "dmm.result",
  "pk": "9ed59b9f-5250-4275-9b83-958f01ded576",
  "fields": {
    "text": "",
    "title": "Lorem ipsum dolor sit amet, consectetur adipiscing elit. Lorem ipsum dolor sit amet, consectetur adipiscing elit.",
    "url": "https://github.com/",
    "language_type": 1,
    "resource_type": 1,
    "content_type": 1,
    "date": "2021-03-03T05:56:00Z",
    "created": "2021-03-03T11:56:28.380Z",
    "modified": "2021-03-03T11:56:28.380Z",
    "expert": "00d52d59-b11d-4aa2-8f12-f1fda93857b5"
  }
},
{
  "model": "dmm.result",
  "pk": "a0a5955b-09f6-48cc-a526-2e63abd1ac4a",
  "fields": {
    "text": "Lorem ipsum dolor sit amet, consectetur adipiscing elit. Lorem ipsum dolor sit amet, consectetur adipiscing elit.",
    "title": "Lorem ipsum dolor sit amet, consectetur adipiscing elit. Lorem ipsum dolor sit amet, consectetur adipiscing elit.",
    "url": "https://github.com/",
    "language_type": 1,
    "resource_type": 1,
    "content_type": 1,
    "date": "2021-03-03T04:32:00Z",
    "created": "2021-03-03T10:32:36.177Z",
    "modified": "2021-03-03T10:32:36.177Z",
    "expert": "f9f5b2d8-0947-4bbc-9931-3faa839001e5"
  }
},
{
  "model": "dmm.result",
  "pk": "baa71945-89e7-478a-a601-37c99acf999e",
  "fields": {
    "text": "Lorem ipsum dolor sit amet, consectetur adipiscing elit. Lorem ipsum dolor sit amet, consectetur adipiscing elit.",
    "title": "Lorem ipsum dolor sit amet, consectetur adipiscing elit. Lorem ipsum dolor sit amet, consectetur adipiscing elit.",
    "url": "https://github.com/",
    "language_type": 1,
    "resource_type": 1,
    "content_type": 1,
    "date": "2021-03-03T04:29:00Z",
    "created": "2021-03-03T10:29:58.326Z",
    "modified": "2021-03-03T10:29:58.326Z",
    "expert": "f9f5b2d8-0947-4bbc-9931-3faa839001e5"
  }
},
{
  "model": "dmm.result",
  "pk": "c35adf9c-e74d-4278-b44b-d2c92ed0d3c0",
  "fields": {
    "text": "Lorem ipsum dolor sit amet, consectetur adipiscing elit. Lorem ipsum dolor sit amet, consectetur adipiscing elit.",
    "title": "Lorem ipsum dolor sit amet, consectetur adipiscing elit. Lorem ipsum dolor sit amet, consectetur adipiscing elit.",
    "url": "https://github.com/",
    "language_type": 1,
    "resource_type": 1,
    "content_type": 1,
    "date": "2021-03-03T03:36:00Z",
    "created": "2021-03-03T09:41:26.404Z",
    "modified": "2021-03-03T09:41:26.404Z",
    "expert": "f9f5b2d8-0947-4bbc-9931-3faa839001e5"
  }
},
{
  "model": "dmm.result",
  "pk": "d973c767-85f1-41e3-8a6c-348722fd4e80",
  "fields": {
    "text": "",
    "title": "Lorem ipsum dolor sit amet, consectetur adipiscing elit. Lorem ipsum dolor sit amet, consectetur adipiscing elit.",
    "url": "https://github.com/",
    "language_type": 1,
    "resource_type": 1,
    "content_type": 1,
    "date": "2021-03-03T05:53:00Z",
    "created": "2021-03-03T11:53:44.883Z",
    "modified": "2021-03-03T11:53:44.883Z",
    "expert": "00d52d59-b11d-4aa2-8f12-f1fda93857b5"
  }
},
{
  "model": "dmm.result",
  "pk": "de1b1283-b121-4406-b51c-538a2b6e531e",
  "fields": {
    "text": "Lorem ipsum dolor sit amet, consectetur adipiscing elit. Lorem ipsum dolor sit amet, consectetur adipiscing elit.",
    "title": "Lorem ipsum dolor sit amet, consectetur adipiscing elit. Lorem ipsum dolor sit amet, consectetur adipiscing elit.",
    "url": "https://github.com/",
    "language_type": 1,
    "resource_type": 1,
    "content_type": 1,
    "date": "2021-03-03T04:43:00Z",
    "created": "2021-03-03T10:45:46.841Z",
    "modified": "2021-03-03T10:45:46.841Z",
    "expert": "f9f5b2d8-0947-4bbc-9931-3faa839001e5"
  }
},
{
  "model": "dmm.result",
  "pk": "f05f14e6-9f04-4c2e-8a2b-f9e2dd48dadd",
  "fields": {
    "text": "Lorem ipsum dolor sit amet, consectetur adipiscing elit. Lorem ipsum dolor sit amet, consectetur adipiscing elit.",
    "title": "Lorem ipsum dolor sit amet, consectetur adipiscing elit. Lorem ipsum dolor sit amet, consectetur adipiscing elit.",
    "url": "https://github.com/",
    "language_type": 1,
    "resource_type": 1,
    "content_type": 1,
    "date": "2021-03-03T03:42:00Z",
    "created": "2021-03-03T09:45:19.734Z",
    "modified": "2021-03-03T09:45:19.734Z",
    "expert": "f9f5b2d8-0947-4bbc-9931-3faa839001e5"
  }
},
{
  "model": "dmm.tag",
  "pk": 1,
  "fields": {
    "name": "tag1",
    "description": "des",
    "is_common": false,
    "expert": "f9f5b2d8-0947-4bbc-9931-3faa839001e5"
  }
},
{
  "model": "dmm.tag",
  "pk": 2,
  "fields": {
    "name": "tag2",
    "description": "des",
    "is_common": false,
    "expert": "f9f5b2d8-0947-4bbc-9931-3faa839001e5"
  }
},
{
  "model": "dmm.specie",
  "pk": 1,
  "fields": {
    "name": "specie1",
    "description": "des",
    "expert": "f9f5b2d8-0947-4bbc-9931-3faa839001e5"
  }
},
{
  "model": "dmm.specie",
  "pk": 2,
  "fields": {
    "name": "specie2",
    "description": "des",
    "expert": "f9f5b2d8-0947-4bbc-9931-3faa839001e5"
  }
},
{
  "model": "dmm.specie",
  "pk": 26,
  "fields": {
    "name": "asaadsa",
    "description": "dwqdwq",
    "expert": "1539cc3a-e6e2-4715-8db8-df56c6c43bf5"
  }
},
{
  "model": "dmm.tonaltype",
  "pk": 1,
  "fields": {
    "name": "Нейтральная"
  }
},
{
  "model": "dmm.tonaltype",
  "pk": 2,
  "fields": {
    "name": "Отрицательная"
  }
},
{
  "model": "dmm.tonaltype",
  "pk": 3,
  "fields": {
    "name": "Положительная"
  }
},
{
  "model": "dmm.tonaltype",
  "pk": 4,
  "fields": {
    "name": "Неопределённая"
  }
},
{
  "model": "dmm.comment",
  "pk": "68c2913b-b3c1-48b8-80a7-aa9bf3248cfd",
  "fields": {
    "text": "Текст комментария",
    "author_url": "OLOLO",
    "result": "10835248-f9fb-462e-9ff4-ec7abc82896b",
    "is_answer": false,
    "language_type": 1,
    "resource_type": 1,
    "date": "2021-03-03T05:58:00Z",
    "specie": null,
    "tonal_type": null,
    "clarification": null,
    "expert": "00d52d59-b11d-4aa2-8f12-f1fda93857b5",
    "created": "2021-03-03T11:58:17.508Z",
    "modified": "2021-03-03T11:58:17.526Z"
  }
},
{
  "model": "dmm.comment",
  "pk": "849be562-8e3a-4399-b57e-2fe03391ede9",
  "fields": {
    "text": "Текст комментария",
    "author_url": "OLOLO",
    "result": "de1b1283-b121-4406-b51c-538a2b6e531e",
    "is_answer": false,
    "language_type": 1,
    "resource_type": 1,
    "date": "2021-03-03T04:43:00Z",
    "specie": null,
    "tonal_type": null,
    "clarification": "Lorem ipsum dolor sit amet, consectetur adipiscing elit.",
    "expert": "00d52d59-b11d-4aa2-8f12-f1fda93857b5",
    "created": "2021-03-03T10:45:46.854Z",
    "modified": "2021-03-03T10:45:46.875Z"
  }
},
{
  "model": "dmm.comment",
  "pk": "d0fed1b6-3a37-4d03-a38a-ec2217b0dbcd",
  "fields": {
    "text": "Текст комментария",
    "author_url": "OLOLO",
    "result": "36fa9b63-6b19-41e9-ba61-8ea620bfadac",
    "is_answer": false,
    "language_type": 1,
    "resource_type": 1,
    "date": "2021-03-03T04:48:00Z",
    "specie": 1,
    "tonal_type": 2,
    "clarification": "Lorem ipsum dolor sit amet, consectetur adipiscing elit.",
    "expert": "00d52d59-b11d-4aa2-8f12-f1fda93857b5",
    "created": "2021-03-03T10:48:50.508Z",
    "modified": "2021-03-03T11:29:56.938Z"
  }
},
{
  "model": "dmm.comment",
  "pk": "d3ba4b5f-6722-4bd3-8d16-b09e71806465",
  "fields": {
    "text": "Текст комментария",
    "author_url": "OLOLO",
    "result": "9ed59b9f-5250-4275-9b83-958f01ded576",
    "is_answer": false,
    "language_type": 1,
    "resource_type": 1,
    "date": "2021-03-03T05:56:00Z",
    "specie": null,
    "tonal_type": 1,
    "clarification": "",
    "expert": "00d52d59-b11d-4aa2-8f12-f1fda93857b5",
    "created": "2021-03-03T11:56:28.388Z",
    "modified": "2021-03-04T07:58:35.024Z"
  }
},
{
  "model": "dmm.comment",
  "pk": "ddbeaa71-03eb-40d9-881d-d7a62f387e62",
  "fields": {
    "text": "Текст комментария",
    "author_url": "OLOLO",
    "result": "8ecfbbc7-f598-41c4-8f2d-7c8bf30db143",
    "is_answer": false,
    "language_type": 1,
    "resource_type": 1,
    "date": "2021-03-03T05:48:00Z",
    "specie": null,
    "tonal_type": null,
    "clarification": "Lorem ipsum dolor sit amet, consectetur adipiscing elit.",
    "expert": "00d52d59-b11d-4aa2-8f12-f1fda93857b5",
    "created": "2021-03-03T11:48:09.690Z",
    "modified": "2021-03-03T11:48:09.707Z"
  }
},
{
  "model": "dmm.comment",
  "pk": "e55bced2-7e6e-4edf-be6b-9154adfe0ed9",
  "fields": {
    "text": "Текст комментария",
    "author_url": "OLOLO",
    "result": "6529b9bc-a0bf-4ea4-a6bc-28813c663ead",
    "is_answer": false,
    "language_type": 1,
    "resource_type": 1,
    "date": "2021-03-03T05:58:00Z",
    "specie": null,
    "tonal_type": null,
    "clarification": null,
    "expert": "00d52d59-b11d-4aa2-8f12-f1fda93857b5",
    "created": "2021-03-03T11:58:37.999Z",
    "modified": "2021-03-03T11:58:38.022Z"
  }
},
{
  "model": "dmm.commentround",
  "pk": "0c86cad2-2b14-49bf-8c36-6dc258b637c4",
  "fields": {
    "comment": "e55bced2-7e6e-4edf-be6b-9154adfe0ed9",
    "specie": 2,
    "tonal_type": 3,
    "clarification": "werwerw",
    "created": "2021-03-04T07:53:10.193Z",
    "expert": "f9f5b2d8-0947-4bbc-9931-3faa839001e5"
  }
},
{
  "model": "dmm.commentround",
  "pk": "17b7ca9f-aae5-4ec9-91b1-e7fd1245b706",
  "fields": {
    "comment": "849be562-8e3a-4399-b57e-2fe03391ede9",
    "specie": 1,
    "tonal_type": 2,
    "clarification": null,
    "created": "2021-03-03T11:31:57.197Z",
    "expert": "00d52d59-b11d-4aa2-8f12-f1fda93857b5"
  }
},
{
  "model": "dmm.commentround",
  "pk": "1eca17fc-f0b1-4c25-ba6e-e9ed3a7b78a4",
  "fields": {
    "comment": "ddbeaa71-03eb-40d9-881d-d7a62f387e62",
    "specie": 2,
    "tonal_type": 2,
    "clarification": "tyryrytr",
    "created": "2021-03-04T07:54:09.522Z",
    "expert": "f9f5b2d8-0947-4bbc-9931-3faa839001e5"
  }
},
{
  "model": "dmm.commentround",
  "pk": "26ec227a-d36b-4b9e-bde0-0a8241189f91",
  "fields": {
    "comment": "d0fed1b6-3a37-4d03-a38a-ec2217b0dbcd",
    "specie": null,
    "tonal_type": null,
    "clarification": "jytytty",
    "created": "2021-03-04T07:58:17.372Z",
    "expert": "1539cc3a-e6e2-4715-8db8-df56c6c43bf5"
  }
},
{
  "model": "dmm.commentround",
  "pk": "2bcd40d4-8e41-45a0-b63a-90d0379c9f09",
  "fields": {
    "comment": "ddbeaa71-03eb-40d9-881d-d7a62f387e62",
    "specie": 1,
    "tonal_type": 1,
    "clarification": "Lorem ipsum dolor sit amet, consectetur adipiscing elit.",
    "created": "2021-03-03T11:48:09.693Z",
    "expert": "00d52d59-b11d-4aa2-8f12-f1fda93857b5"
  }
},
{
  "model": "dmm.commentround",
  "pk": "4403c8e8-d060-4b3f-a2e3-34ec57e3abfa",
  "fields": {
    "comment": "68c2913b-b3c1-48b8-80a7-aa9bf3248cfd",
    "specie": 2,
    "tonal_type": 3,
    "clarification": "jdydtjtdy",
    "created": "2021-03-04T07:58:43.355Z",
    "expert": "1539cc3a-e6e2-4715-8db8-df56c6c43bf5"
  }
},
{
  "model": "dmm.commentround",
  "pk": "46abe937-314c-4624-b6cd-3cbce7e62d2c",
  "fields": {
    "comment": "d3ba4b5f-6722-4bd3-8d16-b09e71806465",
    "specie": 2,
    "tonal_type": 1,
    "clarification": "jddyd",
    "created": "2021-03-04T07:58:34.963Z",
    "expert": "1539cc3a-e6e2-4715-8db8-df56c6c43bf5"
  }
},
{
  "model": "dmm.commentround",
  "pk": "5c801d73-2e55-4cc3-8ad8-d20c80cf4d08",
  "fields": {
    "comment": "e55bced2-7e6e-4edf-be6b-9154adfe0ed9",
    "specie": 1,
    "tonal_type": 1,
    "clarification": "dwqqqd",
    "created": "2021-03-03T11:58:38.002Z",
    "expert": "00d52d59-b11d-4aa2-8f12-f1fda93857b5"
  }
},
{
  "model": "dmm.commentround",
  "pk": "8c191e9d-4e52-4846-bbae-6977cfa58bcc",
  "fields": {
    "comment": "849be562-8e3a-4399-b57e-2fe03391ede9",
    "specie": 2,
    "tonal_type": 3,
    "clarification": "dwqdq",
    "created": "2021-03-04T07:57:56.220Z",
    "expert": "1539cc3a-e6e2-4715-8db8-df56c6c43bf5"
  }
},
{
  "model": "dmm.commentround",
  "pk": "aafdeb60-3fc4-4f5b-8473-5e699ebab608",
  "fields": {
    "comment": "68c2913b-b3c1-48b8-80a7-aa9bf3248cfd",
    "specie": 2,
    "tonal_type": 3,
    "clarification": null,
    "created": "2021-03-04T07:54:44.790Z",
    "expert": "f9f5b2d8-0947-4bbc-9931-3faa839001e5"
  }
},
{
  "model": "dmm.commentround",
  "pk": "bfefa6d2-4d5e-4cb1-a543-1d377933efab",
  "fields": {
    "comment": "d3ba4b5f-6722-4bd3-8d16-b09e71806465",
    "specie": 1,
    "tonal_type": 1,
    "clarification": "ueeee",
    "created": "2021-03-04T07:54:19.602Z",
    "expert": "f9f5b2d8-0947-4bbc-9931-3faa839001e5"
  }
},
{
  "model": "dmm.commentround",
  "pk": "c356e92a-1f6e-40ba-8610-b864b8b9aa54",
  "fields": {
    "comment": "d0fed1b6-3a37-4d03-a38a-ec2217b0dbcd",
    "specie": null,
    "tonal_type": null,
    "clarification": null,
    "created": "2021-03-03T11:32:13.133Z",
    "expert": "00d52d59-b11d-4aa2-8f12-f1fda93857b5"
  }
},
{
  "model": "dmm.commentround",
  "pk": "cd453de5-6588-40d4-b6ed-27d633a38dc9",
  "fields": {
    "comment": "e55bced2-7e6e-4edf-be6b-9154adfe0ed9",
    "specie": 1,
    "tonal_type": 3,
    "clarification": "sdwqdqw",
    "created": "2021-03-04T07:57:46.967Z",
    "expert": "1539cc3a-e6e2-4715-8db8-df56c6c43bf5"
  }
},
{
  "model": "dmm.commentround",
  "pk": "cf6010b0-154b-4185-b1d2-f5fe316c6fe6",
  "fields": {
    "comment": "ddbeaa71-03eb-40d9-881d-d7a62f387e62",
    "specie": 2,
    "tonal_type": 1,
    "clarification": "djyjdjyd",
    "created": "2021-03-04T07:58:26.788Z",
    "expert": "1539cc3a-e6e2-4715-8db8-df56c6c43bf5"
  }
},
{
  "model": "dmm.commentround",
  "pk": "dabed2db-5ba7-4eff-86ad-80a6219ae940",
  "fields": {
    "comment": "d3ba4b5f-6722-4bd3-8d16-b09e71806465",
    "specie": 1,
    "tonal_type": 1,
    "clarification": "",
    "created": "2021-03-03T11:56:28.392Z",
    "expert": "00d52d59-b11d-4aa2-8f12-f1fda93857b5"
  }
},
{
  "model": "dmm.commentround",
  "pk": "dfd487d9-3df9-417c-b5e7-90778c190482",
  "fields": {
    "comment": "d0fed1b6-3a37-4d03-a38a-ec2217b0dbcd",
    "specie": null,
    "tonal_type": null,
    "clarification": null,
    "created": "2021-03-04T05:11:33.054Z",
    "expert": "f9f5b2d8-0947-4bbc-9931-3faa839001e5"
  }
},
{
  "model": "dmm.commentround",
  "pk": "e58a922f-7aa9-4a4e-914d-3cee2a9d5369",
  "fields": {
    "comment": "68c2913b-b3c1-48b8-80a7-aa9bf3248cfd",
    "specie": 1,
    "tonal_type": 1,
    "clarification": "",
    "created": "2021-03-03T11:58:17.511Z",
    "expert": "00d52d59-b11d-4aa2-8f12-f1fda93857b5"
  }
},
{
  "model": "dmm.commentround",
  "pk": "f4d8e138-8db1-4a2f-9d00-5fb796ea8c82",
  "fields": {
    "comment": "849be562-8e3a-4399-b57e-2fe03391ede9",
    "specie": 2,
    "tonal_type": 3,
    "clarification": "sdwqdqw",
    "created": "2021-03-04T05:12:22.532Z",
    "expert": "f9f5b2d8-0947-4bbc-9931-3faa839001e5"
  }
},
{
  "model": "dmm.commentround",
  "pk": "f590cc59-9040-44be-9c58-d4226f7a52fa",
  "fields": {
    "comment": "d0fed1b6-3a37-4d03-a38a-ec2217b0dbcd",
    "specie": null,
    "tonal_type": null,
    "clarification": null,
    "created": "2021-03-04T05:11:02.877Z",
    "expert": "f9f5b2d8-0947-4bbc-9931-3faa839001e5"
  }
},
{
  "model": "dmm.commentroundtags",
  "pk": 184,
  "fields": {
    "tag": 1,
    "comment_round": "17b7ca9f-aae5-4ec9-91b1-e7fd1245b706",
    "is_present": true
  }
},
{
  "model": "dmm.commentroundtags",
  "pk": 185,
  "fields": {
    "tag": 2,
    "comment_round": "17b7ca9f-aae5-4ec9-91b1-e7fd1245b706",
    "is_present": true
  }
},
{
  "model": "dmm.commentroundtags",
  "pk": 187,
  "fields": {
    "tag": 1,
    "comment_round": "c356e92a-1f6e-40ba-8610-b864b8b9aa54",
    "is_present": true
  }
},
{
  "model": "dmm.commentroundtags",
  "pk": 188,
  "fields": {
    "tag": 2,
    "comment_round": "c356e92a-1f6e-40ba-8610-b864b8b9aa54",
    "is_present": true
  }
},
{
  "model": "dmm.commentroundtags",
  "pk": 190,
  "fields": {
    "tag": 1,
    "comment_round": "2bcd40d4-8e41-45a0-b63a-90d0379c9f09",
    "is_present": false
  }
},
{
  "model": "dmm.commentroundtags",
  "pk": 191,
  "fields": {
    "tag": 2,
    "comment_round": "2bcd40d4-8e41-45a0-b63a-90d0379c9f09",
    "is_present": false
  }
},
{
  "model": "dmm.commentroundtags",
  "pk": 193,
  "fields": {
    "tag": 1,
    "comment_round": "dabed2db-5ba7-4eff-86ad-80a6219ae940",
    "is_present": false
  }
},
{
  "model": "dmm.commentroundtags",
  "pk": 194,
  "fields": {
    "tag": 2,
    "comment_round": "dabed2db-5ba7-4eff-86ad-80a6219ae940",
    "is_present": false
  }
},
{
  "model": "dmm.commentroundtags",
  "pk": 196,
  "fields": {
    "tag": 1,
    "comment_round": "e58a922f-7aa9-4a4e-914d-3cee2a9d5369",
    "is_present": false
  }
},
{
  "model": "dmm.commentroundtags",
  "pk": 197,
  "fields": {
    "tag": 2,
    "comment_round": "e58a922f-7aa9-4a4e-914d-3cee2a9d5369",
    "is_present": false
  }
},
{
  "model": "dmm.commentroundtags",
  "pk": 199,
  "fields": {
    "tag": 1,
    "comment_round": "5c801d73-2e55-4cc3-8ad8-d20c80cf4d08",
    "is_present": false
  }
},
{
  "model": "dmm.commentroundtags",
  "pk": 200,
  "fields": {
    "tag": 2,
    "comment_round": "5c801d73-2e55-4cc3-8ad8-d20c80cf4d08",
    "is_present": false
  }
},
{
  "model": "dmm.commentroundtags",
  "pk": 202,
  "fields": {
    "tag": 1,
    "comment_round": "dfd487d9-3df9-417c-b5e7-90778c190482",
    "is_present": true
  }
},
{
  "model": "dmm.commentroundtags",
  "pk": 203,
  "fields": {
    "tag": 2,
    "comment_round": "dfd487d9-3df9-417c-b5e7-90778c190482",
    "is_present": true
  }
},
{
  "model": "dmm.commentroundtags",
  "pk": 204,
  "fields": {
    "tag": 1,
    "comment_round": "f4d8e138-8db1-4a2f-9d00-5fb796ea8c82",
    "is_present": true
  }
},
{
  "model": "dmm.commentroundtags",
  "pk": 205,
  "fields": {
    "tag": 2,
    "comment_round": "f4d8e138-8db1-4a2f-9d00-5fb796ea8c82",
    "is_present": true
  }
},
{
  "model": "dmm.commentroundtags",
  "pk": 206,
  "fields": {
    "tag": 1,
    "comment_round": "0c86cad2-2b14-49bf-8c36-6dc258b637c4",
    "is_present": true
  }
},
{
  "model": "dmm.commentroundtags",
  "pk": 207,
  "fields": {
    "tag": 2,
    "comment_round": "0c86cad2-2b14-49bf-8c36-6dc258b637c4",
    "is_present": true
  }
},
{
  "model": "dmm.commentroundtags",
  "pk": 208,
  "fields": {
    "tag": 1,
    "comment_round": "1eca17fc-f0b1-4c25-ba6e-e9ed3a7b78a4",
    "is_present": false
  }
},
{
  "model": "dmm.commentroundtags",
  "pk": 209,
  "fields": {
    "tag": 2,
    "comment_round": "1eca17fc-f0b1-4c25-ba6e-e9ed3a7b78a4",
    "is_present": true
  }
},
{
  "model": "dmm.commentroundtags",
  "pk": 210,
  "fields": {
    "tag": 1,
    "comment_round": "bfefa6d2-4d5e-4cb1-a543-1d377933efab",
    "is_present": true
  }
},
{
  "model": "dmm.commentroundtags",
  "pk": 211,
  "fields": {
    "tag": 2,
    "comment_round": "bfefa6d2-4d5e-4cb1-a543-1d377933efab",
    "is_present": true
  }
},
{
  "model": "dmm.commentroundtags",
  "pk": 212,
  "fields": {
    "tag": 1,
    "comment_round": "aafdeb60-3fc4-4f5b-8473-5e699ebab608",
    "is_present": true
  }
},
{
  "model": "dmm.commentroundtags",
  "pk": 213,
  "fields": {
    "tag": 2,
    "comment_round": "aafdeb60-3fc4-4f5b-8473-5e699ebab608",
    "is_present": false
  }
},
{
  "model": "dmm.commentroundtags",
  "pk": 214,
  "fields": {
    "tag": 1,
    "comment_round": "cd453de5-6588-40d4-b6ed-27d633a38dc9",
    "is_present": true
  }
},
{
  "model": "dmm.commentroundtags",
  "pk": 215,
  "fields": {
    "tag": 2,
    "comment_round": "cd453de5-6588-40d4-b6ed-27d633a38dc9",
    "is_present": true
  }
},
{
  "model": "dmm.commentroundtags",
  "pk": 216,
  "fields": {
    "tag": 1,
    "comment_round": "8c191e9d-4e52-4846-bbae-6977cfa58bcc",
    "is_present": true
  }
},
{
  "model": "dmm.commentroundtags",
  "pk": 217,
  "fields": {
    "tag": 2,
    "comment_round": "8c191e9d-4e52-4846-bbae-6977cfa58bcc",
    "is_present": true
  }
},
{
  "model": "dmm.commentroundtags",
  "pk": 218,
  "fields": {
    "tag": 1,
    "comment_round": "26ec227a-d36b-4b9e-bde0-0a8241189f91",
    "is_present": true
  }
},
{
  "model": "dmm.commentroundtags",
  "pk": 219,
  "fields": {
    "tag": 2,
    "comment_round": "26ec227a-d36b-4b9e-bde0-0a8241189f91",
    "is_present": true
  }
},
{
  "model": "dmm.commentroundtags",
  "pk": 220,
  "fields": {
    "tag": 1,
    "comment_round": "cf6010b0-154b-4185-b1d2-f5fe316c6fe6",
    "is_present": true
  }
},
{
  "model": "dmm.commentroundtags",
  "pk": 221,
  "fields": {
    "tag": 2,
    "comment_round": "cf6010b0-154b-4185-b1d2-f5fe316c6fe6",
    "is_present": true
  }
},
{
  "model": "dmm.commentroundtags",
  "pk": 222,
  "fields": {
    "tag": 1,
    "comment_round": "46abe937-314c-4624-b6cd-3cbce7e62d2c",
    "is_present": true
  }
},
{
  "model": "dmm.commentroundtags",
  "pk": 223,
  "fields": {
    "tag": 2,
    "comment_round": "46abe937-314c-4624-b6cd-3cbce7e62d2c",
    "is_present": true
  }
},
{
  "model": "dmm.commentroundtags",
  "pk": 224,
  "fields": {
    "tag": 1,
    "comment_round": "4403c8e8-d060-4b3f-a2e3-34ec57e3abfa",
    "is_present": true
  }
},
{
  "model": "dmm.commentroundtags",
  "pk": 225,
  "fields": {
    "tag": 2,
    "comment_round": "4403c8e8-d060-4b3f-a2e3-34ec57e3abfa",
    "is_present": true
  }
}
]
