[
{
  "model": "auth.user",
  "pk": 1,
  "fields": {
    "password": "pbkdf2_sha256$216000$qBn14dOu3kwx$vjkiFNwa7WgqxjRJm5Cf1JKKxHSsVuV+sEulFkN47hg=",
    "last_login": "2021-03-02T09:33:22.939Z",
    "is_superuser": true,
    "username": "Kaisar",
    "first_name": "",
    "last_name": "",
    "email": "kaucap.bm94@gmail.com",
    "is_staff": true,
    "is_active": true,
    "date_joined": "2021-02-05T11:47:54Z",
    "groups": [
      1,
      2
    ],
    "user_permissions": []
  }
},
{
  "model": "auth.user",
  "pk": 2,
  "fields": {
    "password": "pbkdf2_sha256$216000$WavPmT1ZgrAv$Shm2N1L+LoVoc5y5MeYt1xDfS2wwfLjnCxHpa6elwcM=",
    "last_login": null,
    "is_superuser": false,
    "username": "gulnar",
    "first_name": "",
    "last_name": "",
    "email": "",
    "is_staff": false,
    "is_active": true,
    "date_joined": "2021-02-12T07:06:53Z",
    "groups": [
      1,
      2
    ],
    "user_permissions": []
  }
},
{
  "model": "auth.user",
  "pk": 3,
  "fields": {
    "password": "pbkdf2_sha256$216000$PpUjNMW9TSsI$P0gntXeik64bEnr6GPO6ull1hKLBR08Wz5jlnPS8ymg=",
    "last_login": null,
    "is_superuser": false,
    "username": "aiganym",
    "first_name": "",
    "last_name": "",
    "email": "",
    "is_staff": false,
    "is_active": true,
    "date_joined": "2021-02-12T07:07:31Z",
    "groups": [
      1
    ],
    "user_permissions": []
  }
},
{
  "model": "auth.user",
  "pk": 4,
  "fields": {
    "password": "pbkdf2_sha256$216000$Deu1Y2nqHgI2$WxuKV/tkH4yH6mhJ70bxajoHQsZ3XOCwehinScwhd+w=",
    "last_login": null,
    "is_superuser": false,
    "username": "nazym",
    "first_name": "",
    "last_name": "",
    "email": "",
    "is_staff": false,
    "is_active": true,
    "date_joined": "2021-02-12T07:08:03Z",
    "groups": [
      1
    ],
    "user_permissions": []
  }
},
{
  "model": "auth.user",
  "pk": 5,
  "fields": {
    "password": "pbkdf2_sha256$216000$vVofeA91wcQJ$kcUb1dBtkI8vsgJFL62wbSyj/f6tVPgpoa8aSXXudJc=",
    "last_login": null,
    "is_superuser": false,
    "username": "ruslan",
    "first_name": "",
    "last_name": "",
    "email": "",
    "is_staff": false,
    "is_active": true,
    "date_joined": "2021-02-12T07:08:38Z",
    "groups": [
      1
    ],
    "user_permissions": []
  }
},
{
  "model": "auth.user",
  "pk": 6,
  "fields": {
    "password": "pbkdf2_sha256$216000$7HYkvM7MlWFj$1nW01/FtQ/lx2fAvH2BWxq4ff9OzbErbnnC1nqgOnMM=",
    "last_login": null,
    "is_superuser": false,
    "username": "bauyrzhan",
    "first_name": "",
    "last_name": "",
    "email": "",
    "is_staff": false,
    "is_active": true,
    "date_joined": "2021-02-12T07:09:06Z",
    "groups": [
      1
    ],
    "user_permissions": []
  }
},
{
  "model": "auth.user",
  "pk": 7,
  "fields": {
    "password": "pbkdf2_sha256$216000$Mv8pZXxJ50qP$VDqLBD6G0FvdN2BHTb80zBvEM1qcbiex532JjZpfFZc=",
    "last_login": "2021-02-16T09:30:05.437Z",
    "is_superuser": false,
    "username": "aizada",
    "first_name": "",
    "last_name": "",
    "email": "",
    "is_staff": false,
    "is_active": true,
    "date_joined": "2021-02-12T11:52:29Z",
    "groups": [
      1
    ],
    "user_permissions": []
  }
},
{
  "model": "auth.group",
  "pk": 1,
  "fields": {
    "name": "expert",
    "permissions": []
  }
},
{
  "model": "auth.group",
  "pk": 2,
  "fields": {
    "name": "primary-expert",
    "permissions": []
  }
},
{
  "model": "dmm.expert",
  "pk": "00d52d59-b11d-4aa2-8f12-f1fda93857b5",
  "fields": {
    "user": 7,
    "name": "Айзада",
    "chat_id": 1
  }
},
{
  "model": "dmm.expert",
  "pk": "1539cc3a-e6e2-4715-8db8-df56c6c43bf5",
  "fields": {
    "user": 2,
    "name": "Гульнара",
    "chat_id": 1
  }
},
{
  "model": "dmm.expert",
  "pk": "4716bf12-bcbb-4818-8b8f-9ded024cd7e6",
  "fields": {
    "user": 4,
    "name": "Назым",
    "chat_id": 0
  }
},
{
  "model": "dmm.expert",
  "pk": "5ba34f8a-4b30-442c-ad91-b0691f3a59c4",
  "fields": {
    "user": 6,
    "name": "Бауыржан",
    "chat_id": 1
  }
},
{
  "model": "dmm.expert",
  "pk": "abd738dd-6bea-48ac-a3aa-1d3b620017c6",
  "fields": {
    "user": 5,
    "name": "Руслан",
    "chat_id": 1
  }
},
{
  "model": "dmm.expert",
  "pk": "f9f5b2d8-0947-4bbc-9931-3faa839001e5",
  "fields": {
    "user": 1,
    "name": "Кайсар",
    "chat_id": 1
  }
},
{
  "model": "dmm.expert",
  "pk": "fbef2367-1685-4436-95e9-37c55a945f50",
  "fields": {
    "user": 3,
    "name": "Айганым",
    "chat_id": 1
  }
},
{
  "model": "dmm.languagetype",
  "pk": 1,
  "fields": {
    "name": "Russian",
    "code": "ru"
  }
},
{
  "model": "dmm.languagetype",
  "pk": 2,
  "fields": {
    "name": "English",
    "code": "en"
  }
},
{
  "model": "dmm.languagetype",
  "pk": 3,
  "fields": {
    "name": "Kazakh",
    "code": "kk"
  }
},
{
  "model": "dmm.resourcetype",
  "pk": 1,
  "fields": {
    "name": "Instagram"
  }
},
{
  "model": "dmm.resourcetype",
  "pk": 2,
  "fields": {
    "name": "Telegram"
  }
},
{
  "model": "dmm.resourcetype",
  "pk": 3,
  "fields": {
    "name": "Вконтакте"
  }
},
{
  "model": "dmm.resourcetype",
  "pk": 4,
  "fields": {
    "name": "Одноклассники"
  }
},
{
  "model": "dmm.resourcetype",
  "pk": 5,
  "fields": {
    "name": "2ch"
  }
},
{
  "model": "dmm.resourcetype",
  "pk": 6,
  "fields": {
    "name": "Новостные порталы"
  }
},
{
  "model": "dmm.resourcetype",
  "pk": 7,
  "fields": {
    "name": "Википедия"
  }
},
{
  "model": "dmm.resourcetype",
  "pk": 8,
  "fields": {
    "name": "Facebook"
  }
},
{
  "model": "dmm.resourcetype",
  "pk": 9,
  "fields": {
    "name": "Youtube"
  }
},
{
  "model": "dmm.resourcetype",
  "pk": 10,
  "fields": {
    "name": "Twitter"
  }
},
{
  "model": "dmm.contenttype",
  "pk": 1,
  "fields": {
    "name": "article"
  }
},
{
  "model": "dmm.contenttype",
  "pk": 2,
  "fields": {
    "name": "post"
  }
},
{
  "model": "dmm.contenttype",
  "pk": 3,
  "fields": {
    "name": "repost"
  }
},
{
  "model": "dmm.contenttype",
  "pk": 4,
  "fields": {
    "name": "tweet"
  }
},
{
  "model": "dmm.contenttype",
  "pk": 5,
  "fields": {
    "name": "video"
  }
},
{
  "model": "dmm.result",
  "pk": "0cdfa43e-113d-40c0-b83b-402600cdc4b4",
  "fields": {
    "text": "Lorem ipsum dolor sit amet, consectetur adipiscing elit. Lorem ipsum dolor sit amet, consectetur adipiscing elit.",
    "title": "Lorem ipsum dolor sit amet, consectetur adipiscing elit. Lorem ipsum dolor sit amet, consectetur adipiscing elit.",
    "url": "https://github.com/",
    "language_type": 1,
    "resource_type": 1,
    "content_type": 1,
    "date": "2021-02-22T21:54:00Z",
    "created": "2021-02-23T04:36:12.177Z",
    "modified": "2021-02-23T04:36:12.177Z",
    "expert": "f9f5b2d8-0947-4bbc-9931-3faa839001e5"
  }
},
{
  "model": "dmm.result",
  "pk": "105f5997-47ec-4d38-a886-9d6eb8ef3af5",
  "fields": {
    "text": "Lorem ipsum dolor sit amet, consectetur adipiscing elit. Lorem ipsum dolor sit amet, consectetur adipiscing elit.",
    "title": "Lorem ipsum dolor sit amet, consectetur adipiscing elit. Lorem ipsum dolor sit amet, consectetur adipiscing elit.",
    "url": "https://github.com/",
    "language_type": 1,
    "resource_type": 1,
    "content_type": 1,
    "date": "2021-02-22T21:54:00Z",
    "created": "2021-02-23T04:16:41.100Z",
    "modified": "2021-02-23T04:16:41.100Z",
    "expert": "f9f5b2d8-0947-4bbc-9931-3faa839001e5"
  }
},
{
  "model": "dmm.result",
  "pk": "1396d8e9-c69c-4e9e-b471-e2333f5a3c40",
  "fields": {
    "text": "Lorem ipsum dolor sit amet, consectetur adipiscing elit. Lorem ipsum dolor sit amet, consectetur adipiscing elit.",
    "title": "Lorem ipsum dolor sit amet, consectetur adipiscing elit. Lorem ipsum dolor sit amet, consectetur adipiscing elit.",
    "url": "https://github.com/",
    "language_type": 1,
    "resource_type": 1,
    "content_type": 1,
    "date": "2021-02-22T21:54:00Z",
    "created": "2021-02-23T04:41:43.983Z",
    "modified": "2021-02-23T04:41:43.983Z",
    "expert": "f9f5b2d8-0947-4bbc-9931-3faa839001e5"
  }
},
{
  "model": "dmm.result",
  "pk": "399e697a-e18c-4e08-8456-a2761613b4a9",
  "fields": {
    "text": "Lorem ipsum dolor sit amet, consectetur adipiscing elit. Lorem ipsum dolor sit amet, consectetur adipiscing elit.",
    "title": "Lorem ipsum dolor sit amet, consectetur adipiscing elit. Lorem ipsum dolor sit amet, consectetur adipiscing elit.",
    "url": "https://github.com/",
    "language_type": 1,
    "resource_type": 1,
    "content_type": 1,
    "date": "2021-02-22T21:54:00Z",
    "created": "2021-02-23T04:41:16.907Z",
    "modified": "2021-02-23T04:41:16.907Z",
    "expert": "f9f5b2d8-0947-4bbc-9931-3faa839001e5"
  }
},
{
  "model": "dmm.result",
  "pk": "3cef22f7-7361-4ef3-8c70-365b392c4723",
  "fields": {
    "text": "Lorem ipsum dolor sit amet, consectetur adipiscing elit. Lorem ipsum dolor sit amet, consectetur adipiscing elit.",
    "title": "Lorem ipsum dolor sit amet, consectetur adipiscing elit. Lorem ipsum dolor sit amet, consectetur adipiscing elit.",
    "url": "https://github.com/",
    "language_type": 1,
    "resource_type": 1,
    "content_type": 1,
    "date": "2021-02-22T22:33:00Z",
    "created": "2021-02-23T04:33:17.314Z",
    "modified": "2021-02-23T04:33:17.314Z",
    "expert": "f9f5b2d8-0947-4bbc-9931-3faa839001e5"
  }
},
{
  "model": "dmm.result",
  "pk": "58ca763f-a0ea-49e4-bf4a-727aaa0848fc",
  "fields": {
    "text": "Lorem ipsum dolor sit amet, consectetur adipiscing elit. Lorem ipsum dolor sit amet, consectetur adipiscing elit.",
    "title": "Lorem ipsum dolor sit amet, consectetur adipiscing elit. Lorem ipsum dolor sit amet, consectetur adipiscing elit.",
    "url": "https://github.com/",
    "language_type": 1,
    "resource_type": 1,
    "content_type": 1,
    "date": "2021-02-22T21:54:00Z",
    "created": "2021-02-23T04:38:58.126Z",
    "modified": "2021-02-23T04:38:58.126Z",
    "expert": "f9f5b2d8-0947-4bbc-9931-3faa839001e5"
  }
},
{
  "model": "dmm.result",
  "pk": "bfd464ac-a6e3-44f8-8009-832448151428",
  "fields": {
    "text": "Lorem ipsum dolor sit amet, consectetur adipiscing elit. Lorem ipsum dolor sit amet, consectetur adipiscing elit.",
    "title": "Lorem ipsum dolor sit amet, consectetur adipiscing elit. Lorem ipsum dolor sit amet, consectetur adipiscing elit.",
    "url": "https://github.com/",
    "language_type": 1,
    "resource_type": 1,
    "content_type": 1,
    "date": "2021-02-22T21:54:00Z",
    "created": "2021-02-23T04:38:05.249Z",
    "modified": "2021-02-23T04:38:05.249Z",
    "expert": "f9f5b2d8-0947-4bbc-9931-3faa839001e5"
  }
},
{
  "model": "dmm.result",
  "pk": "d1a49558-805b-4376-8afc-72587fdd46c9",
  "fields": {
    "text": "Lorem ipsum dolor sit amet, consectetur adipiscing elit. Lorem ipsum dolor sit amet, consectetur adipiscing elit.",
    "title": "Lorem ipsum dolor sit amet, consectetur adipiscing elit. Lorem ipsum dolor sit amet, consectetur adipiscing elit.",
    "url": "https://github.com/",
    "language_type": 1,
    "resource_type": 1,
    "content_type": 1,
    "date": "2021-02-22T23:29:00Z",
    "created": "2021-02-23T05:31:44.858Z",
    "modified": "2021-02-23T05:31:44.858Z",
    "expert": "f9f5b2d8-0947-4bbc-9931-3faa839001e5"
  }
},
{
  "model": "dmm.result",
  "pk": "d47fc68e-0c64-4bcc-a10b-4b53ded9aa49",
  "fields": {
    "text": "Lorem ipsum dolor sit amet, consectetur adipiscing elit. Lorem ipsum dolor sit amet, consectetur adipiscing elit.",
    "title": "Lorem ipsum dolor sit amet, consectetur adipiscing elit. Lorem ipsum dolor sit amet, consectetur adipiscing elit.",
    "url": "https://github.com/",
    "language_type": 1,
    "resource_type": 1,
    "content_type": 1,
    "date": "2021-02-23T00:28:00Z",
    "created": "2021-02-23T09:55:33.832Z",
    "modified": "2021-02-23T09:55:33.832Z",
    "expert": "f9f5b2d8-0947-4bbc-9931-3faa839001e5"
  }
},
{
  "model": "dmm.tag",
  "pk": 1,
  "fields": {
    "name": "tag1",
    "description": "des",
    "is_common": false,
    "expert": "f9f5b2d8-0947-4bbc-9931-3faa839001e5"
  }
},
{
  "model": "dmm.tag",
  "pk": 2,
  "fields": {
    "name": "tag2",
    "description": "des",
    "is_common": false,
    "expert": "f9f5b2d8-0947-4bbc-9931-3faa839001e5"
  }
},
{
  "model": "dmm.specie",
  "pk": 1,
  "fields": {
    "name": "specie1",
    "description": "des",
    "expert": "f9f5b2d8-0947-4bbc-9931-3faa839001e5"
  }
},
{
  "model": "dmm.specie",
  "pk": 2,
  "fields": {
    "name": "specie2",
    "description": "des",
    "expert": "f9f5b2d8-0947-4bbc-9931-3faa839001e5"
  }
},
{
  "model": "dmm.tonaltype",
  "pk": 1,
  "fields": {
    "name": "1"
  }
},
{
  "model": "dmm.tonaltype",
  "pk": 2,
  "fields": {
    "name": "2"
  }
},
{
  "model": "dmm.tonaltype",
  "pk": 3,
  "fields": {
    "name": "3"
  }
},
{
  "model": "dmm.comment",
  "pk": "03d15e15-4615-483f-9784-b6ebdf94d251",
  "fields": {
    "text": "9",
    "author_url": "OLOLO",
    "result": "d47fc68e-0c64-4bcc-a10b-4b53ded9aa49",
    "is_answer": false,
    "language_type": 2,
    "resource_type": 1,
    "date": "2021-02-23T00:28:00Z",
    "specie": null,
    "tonal_type": null,
    "clarification": "Lorem ipsum dolor sit amet, consectetur adipiscing elit.",
    "expert": "00d52d59-b11d-4aa2-8f12-f1fda93857b5",
    "created": "2021-02-23T09:55:33.861Z",
    "modified": "2021-02-23T09:55:33.873Z"
  }
},
{
  "model": "dmm.comment",
  "pk": "2b7e5328-e179-4be6-be5b-a73a2007e0e7",
  "fields": {
    "text": "10",
    "author_url": "OLOLO",
    "result": "399e697a-e18c-4e08-8456-a2761613b4a9",
    "is_answer": false,
    "language_type": 1,
    "resource_type": 1,
    "date": "2021-02-22T21:54:00Z",
    "specie": 1,
    "tonal_type": null,
    "clarification": "Lorem ipsum dolor sit amet, consectetur adipiscing elit.",
    "expert": "00d52d59-b11d-4aa2-8f12-f1fda93857b5",
    "created": "2021-02-23T04:41:16.919Z",
    "modified": "2021-03-01T11:06:34.659Z"
  }
},
{
  "model": "dmm.comment",
  "pk": "336cbf78-1372-4b4a-8ea4-67fb31afc0ff",
  "fields": {
    "text": "6",
    "author_url": "OLOLO",
    "result": "1396d8e9-c69c-4e9e-b471-e2333f5a3c40",
    "is_answer": false,
    "language_type": 1,
    "resource_type": 1,
    "date": "2021-02-22T21:54:00Z",
    "specie": 1,
    "tonal_type": 1,
    "clarification": "Lorem ipsum dolor sit amet, consectetur adipiscing elit.",
    "expert": "00d52d59-b11d-4aa2-8f12-f1fda93857b5",
    "created": "2021-02-23T04:41:43.993Z",
    "modified": "2021-02-23T04:41:43.993Z"
  }
},
{
  "model": "dmm.comment",
  "pk": "4242a103-2d72-4986-926b-65f345cd54e8",
  "fields": {
    "text": "4",
    "author_url": "OLOLO",
    "result": "bfd464ac-a6e3-44f8-8009-832448151428",
    "is_answer": false,
    "language_type": 1,
    "resource_type": 1,
    "date": "2021-02-22T21:54:00Z",
    "specie": 1,
    "tonal_type": 1,
    "clarification": "Lorem ipsum dolor sit amet, consectetur adipiscing elit.",
    "expert": "00d52d59-b11d-4aa2-8f12-f1fda93857b5",
    "created": "2021-02-23T04:38:05.257Z",
    "modified": "2021-02-23T04:38:05.257Z"
  }
},
{
  "model": "dmm.comment",
  "pk": "53458dc6-ea16-45b7-99b0-38595e241557",
  "fields": {
    "text": "7",
    "author_url": "OLOLO",
    "result": "d1a49558-805b-4376-8afc-72587fdd46c9",
    "is_answer": false,
    "language_type": 1,
    "resource_type": 1,
    "date": "2021-02-22T23:29:00Z",
    "specie": null,
    "tonal_type": null,
    "clarification": "Lorem ipsum dolor sit amet, consectetur adipiscing elit.",
    "expert": "00d52d59-b11d-4aa2-8f12-f1fda93857b5",
    "created": "2021-02-23T05:31:44.868Z",
    "modified": "2021-03-02T09:09:03.405Z"
  }
},
{
  "model": "dmm.comment",
  "pk": "5443878e-c10d-4281-9a37-3d2831d7360e",
  "fields": {
    "text": "2",
    "author_url": "OLOLO",
    "result": "3cef22f7-7361-4ef3-8c70-365b392c4723",
    "is_answer": false,
    "language_type": 1,
    "resource_type": 1,
    "date": "2021-02-22T22:33:00Z",
    "specie": 1,
    "tonal_type": 1,
    "clarification": "Lorem ipsum dolor sit amet, consectetur adipiscing elit.",
    "expert": "00d52d59-b11d-4aa2-8f12-f1fda93857b5",
    "created": "2021-02-23T04:33:17.323Z",
    "modified": "2021-02-23T04:33:17.337Z"
  }
},
{
  "model": "dmm.comment",
  "pk": "952569c5-1ee3-49d3-b8cd-bf21d834d79e",
  "fields": {
    "text": "8",
    "author_url": "OLOLO",
    "result": "d47fc68e-0c64-4bcc-a10b-4b53ded9aa49",
    "is_answer": false,
    "language_type": 1,
    "resource_type": 1,
    "date": "2021-02-23T00:28:00Z",
    "specie": null,
    "tonal_type": null,
    "clarification": "Lorem ipsum dolor sit amet, consectetur adipiscing elit.",
    "expert": "00d52d59-b11d-4aa2-8f12-f1fda93857b5",
    "created": "2021-02-23T09:55:33.840Z",
    "modified": "2021-02-23T09:55:33.855Z"
  }
},
{
  "model": "dmm.comment",
  "pk": "9eb6d075-c09d-4783-bbdf-2e701e31e5a2",
  "fields": {
    "text": "1",
    "author_url": "OLOLO",
    "result": "105f5997-47ec-4d38-a886-9d6eb8ef3af5",
    "is_answer": false,
    "language_type": 1,
    "resource_type": 1,
    "date": "2021-02-22T21:54:00Z",
    "specie": 1,
    "tonal_type": 1,
    "clarification": "Lorem ipsum dolor sit amet, consectetur adipiscing elit.",
    "expert": "00d52d59-b11d-4aa2-8f12-f1fda93857b5",
    "created": "2021-02-23T04:16:41.108Z",
    "modified": "2021-02-23T04:16:41.108Z"
  }
},
{
  "model": "dmm.comment",
  "pk": "b83df925-d7de-453d-9abc-a975a562123b",
  "fields": {
    "text": "5",
    "author_url": "OLOLO",
    "result": "58ca763f-a0ea-49e4-bf4a-727aaa0848fc",
    "is_answer": false,
    "language_type": 1,
    "resource_type": 1,
    "date": "2021-02-22T21:54:00Z",
    "specie": null,
    "tonal_type": null,
    "clarification": "Lorem ipsum dolor sit amet, consectetur adipiscing elit.",
    "expert": "00d52d59-b11d-4aa2-8f12-f1fda93857b5",
    "created": "2021-02-23T04:38:58.137Z",
    "modified": "2021-02-23T04:38:58.150Z"
  }
},
{
  "model": "dmm.comment",
  "pk": "da56aa82-0db2-4583-959e-7f3f4cf0d674",
  "fields": {
    "text": "3",
    "author_url": "OLOLO",
    "result": "0cdfa43e-113d-40c0-b83b-402600cdc4b4",
    "is_answer": false,
    "language_type": 1,
    "resource_type": 1,
    "date": "2021-02-22T21:54:00Z",
    "specie": null,
    "tonal_type": 1,
    "clarification": "Lorem ipsum dolor sit amet, consectetur adipiscing elit.",
    "expert": "00d52d59-b11d-4aa2-8f12-f1fda93857b5",
    "created": "2021-02-23T04:36:12.185Z",
    "modified": "2021-02-23T04:36:12.198Z"
  }
},
{
  "model": "dmm.commenttags",
  "pk": 29,
  "fields": {
    "tag": 1,
    "comment": "9eb6d075-c09d-4783-bbdf-2e701e31e5a2",
    "is_present": true
  }
},
{
  "model": "dmm.commenttags",
  "pk": 30,
  "fields": {
    "tag": 2,
    "comment": "9eb6d075-c09d-4783-bbdf-2e701e31e5a2",
    "is_present": true
  }
},
{
  "model": "dmm.commenttags",
  "pk": 31,
  "fields": {
    "tag": 1,
    "comment": "53458dc6-ea16-45b7-99b0-38595e241557",
    "is_present": true
  }
},
{
  "model": "dmm.commenttags",
  "pk": 32,
  "fields": {
    "tag": 1,
    "comment": "53458dc6-ea16-45b7-99b0-38595e241557",
    "is_present": false
  }
},
{
  "model": "dmm.commenttags",
  "pk": 33,
  "fields": {
    "tag": 2,
    "comment": "53458dc6-ea16-45b7-99b0-38595e241557",
    "is_present": true
  }
},
{
  "model": "dmm.commenttags",
  "pk": 34,
  "fields": {
    "tag": 2,
    "comment": "53458dc6-ea16-45b7-99b0-38595e241557",
    "is_present": false
  }
}
]
