[
{
  "model": "auth.user",
  "pk": 1,
  "fields": {
    "password": "pbkdf2_sha256$216000$qBn14dOu3kwx$vjkiFNwa7WgqxjRJm5Cf1JKKxHSsVuV+sEulFkN47hg=",
    "last_login": "2021-02-16T09:30:28.370Z",
    "is_superuser": true,
    "username": "Kaisar",
    "first_name": "",
    "last_name": "",
    "email": "kaucap.bm94@gmail.com",
    "is_staff": true,
    "is_active": true,
    "date_joined": "2021-02-05T11:47:54Z",
    "groups": [
      1,
      2
    ],
    "user_permissions": []
  }
},
{
  "model": "auth.user",
  "pk": 2,
  "fields": {
    "password": "pbkdf2_sha256$216000$WavPmT1ZgrAv$Shm2N1L+LoVoc5y5MeYt1xDfS2wwfLjnCxHpa6elwcM=",
    "last_login": null,
    "is_superuser": false,
    "username": "gulnar",
    "first_name": "",
    "last_name": "",
    "email": "",
    "is_staff": false,
    "is_active": true,
    "date_joined": "2021-02-12T07:06:53Z",
    "groups": [
      1,
      2
    ],
    "user_permissions": []
  }
},
{
  "model": "auth.user",
  "pk": 3,
  "fields": {
    "password": "pbkdf2_sha256$216000$PpUjNMW9TSsI$P0gntXeik64bEnr6GPO6ull1hKLBR08Wz5jlnPS8ymg=",
    "last_login": null,
    "is_superuser": false,
    "username": "aiganym",
    "first_name": "",
    "last_name": "",
    "email": "",
    "is_staff": false,
    "is_active": true,
    "date_joined": "2021-02-12T07:07:31Z",
    "groups": [
      1
    ],
    "user_permissions": []
  }
},
{
  "model": "auth.user",
  "pk": 4,
  "fields": {
    "password": "pbkdf2_sha256$216000$Deu1Y2nqHgI2$WxuKV/tkH4yH6mhJ70bxajoHQsZ3XOCwehinScwhd+w=",
    "last_login": null,
    "is_superuser": false,
    "username": "nazym",
    "first_name": "",
    "last_name": "",
    "email": "",
    "is_staff": false,
    "is_active": true,
    "date_joined": "2021-02-12T07:08:03Z",
    "groups": [
      1
    ],
    "user_permissions": []
  }
},
{
  "model": "auth.user",
  "pk": 5,
  "fields": {
    "password": "pbkdf2_sha256$216000$vVofeA91wcQJ$kcUb1dBtkI8vsgJFL62wbSyj/f6tVPgpoa8aSXXudJc=",
    "last_login": null,
    "is_superuser": false,
    "username": "ruslan",
    "first_name": "",
    "last_name": "",
    "email": "",
    "is_staff": false,
    "is_active": true,
    "date_joined": "2021-02-12T07:08:38Z",
    "groups": [
      1
    ],
    "user_permissions": []
  }
},
{
  "model": "auth.user",
  "pk": 6,
  "fields": {
    "password": "pbkdf2_sha256$216000$7HYkvM7MlWFj$1nW01/FtQ/lx2fAvH2BWxq4ff9OzbErbnnC1nqgOnMM=",
    "last_login": null,
    "is_superuser": false,
    "username": "bauyrzhan",
    "first_name": "",
    "last_name": "",
    "email": "",
    "is_staff": false,
    "is_active": true,
    "date_joined": "2021-02-12T07:09:06Z",
    "groups": [
      1
    ],
    "user_permissions": []
  }
},
{
  "model": "auth.user",
  "pk": 7,
  "fields": {
    "password": "pbkdf2_sha256$216000$Mv8pZXxJ50qP$VDqLBD6G0FvdN2BHTb80zBvEM1qcbiex532JjZpfFZc=",
    "last_login": "2021-02-16T09:30:05.437Z",
    "is_superuser": false,
    "username": "aizada",
    "first_name": "",
    "last_name": "",
    "email": "",
    "is_staff": false,
    "is_active": true,
    "date_joined": "2021-02-12T11:52:29Z",
    "groups": [
      1
    ],
    "user_permissions": []
  }
},
{
  "model": "auth.group",
  "pk": 1,
  "fields": {
    "name": "expert",
    "permissions": []
  }
},
{
  "model": "auth.group",
  "pk": 2,
  "fields": {
    "name": "primary-expert",
    "permissions": []
  }
},
{
  "model": "dmm.expert",
  "pk": "00d52d59-b11d-4aa2-8f12-f1fda93857b5",
  "fields": {
    "user": 7,
    "name": "Айзада",
    "chat_id": 1
  }
},
{
  "model": "dmm.expert",
  "pk": "1539cc3a-e6e2-4715-8db8-df56c6c43bf5",
  "fields": {
    "user": 2,
    "name": "Гульнара",
    "chat_id": 1
  }
},
{
  "model": "dmm.expert",
  "pk": "4716bf12-bcbb-4818-8b8f-9ded024cd7e6",
  "fields": {
    "user": 4,
    "name": "Назым",
    "chat_id": 0
  }
},
{
  "model": "dmm.expert",
  "pk": "5ba34f8a-4b30-442c-ad91-b0691f3a59c4",
  "fields": {
    "user": 6,
    "name": "Бауыржан",
    "chat_id": 1
  }
},
{
  "model": "dmm.expert",
  "pk": "abd738dd-6bea-48ac-a3aa-1d3b620017c6",
  "fields": {
    "user": 5,
    "name": "Руслан",
    "chat_id": 1
  }
},
{
  "model": "dmm.expert",
  "pk": "f9f5b2d8-0947-4bbc-9931-3faa839001e5",
  "fields": {
    "user": 1,
    "name": "Кайсар",
    "chat_id": 1
  }
},
{
  "model": "dmm.expert",
  "pk": "fbef2367-1685-4436-95e9-37c55a945f50",
  "fields": {
    "user": 3,
    "name": "Айганым",
    "chat_id": 1
  }
},
{
  "model": "dmm.languagetype",
  "pk": 1,
  "fields": {
    "name": "Russian",
    "code": "ru"
  }
},
{
  "model": "dmm.languagetype",
  "pk": 2,
  "fields": {
    "name": "English",
    "code": "en"
  }
},
{
  "model": "dmm.languagetype",
  "pk": 3,
  "fields": {
    "name": "Kazakh",
    "code": "kk"
  }
},
{
  "model": "dmm.resourcetype",
  "pk": 1,
  "fields": {
    "name": "Instagram"
  }
},
{
  "model": "dmm.resourcetype",
  "pk": 2,
  "fields": {
    "name": "Telegram"
  }
},
{
  "model": "dmm.resourcetype",
  "pk": 3,
  "fields": {
    "name": "Вконтакте"
  }
},
{
  "model": "dmm.resourcetype",
  "pk": 4,
  "fields": {
    "name": "Одноклассники"
  }
},
{
  "model": "dmm.resourcetype",
  "pk": 5,
  "fields": {
    "name": "2ch"
  }
},
{
  "model": "dmm.resourcetype",
  "pk": 6,
  "fields": {
    "name": "Новостные порталы"
  }
},
{
  "model": "dmm.resourcetype",
  "pk": 7,
  "fields": {
    "name": "Википедия"
  }
},
{
  "model": "dmm.resourcetype",
  "pk": 8,
  "fields": {
    "name": "Facebook"
  }
},
{
  "model": "dmm.resourcetype",
  "pk": 9,
  "fields": {
    "name": "Youtube"
  }
},
{
  "model": "dmm.resourcetype",
  "pk": 10,
  "fields": {
    "name": "Twitter"
  }
},
{
  "model": "dmm.contenttype",
  "pk": 1,
  "fields": {
    "name": "article"
  }
},
{
  "model": "dmm.contenttype",
  "pk": 2,
  "fields": {
    "name": "post"
  }
},
{
  "model": "dmm.contenttype",
  "pk": 3,
  "fields": {
    "name": "repost"
  }
},
{
  "model": "dmm.contenttype",
  "pk": 4,
  "fields": {
    "name": "tweet"
  }
},
{
  "model": "dmm.contenttype",
  "pk": 5,
  "fields": {
    "name": "video"
  }
},
{
  "model": "dmm.result",
  "pk": "052806ac-a5b2-4812-bb39-47bef4d59410",
  "fields": {
    "text": "Lorem ipsum dolor sit amet, consectetur adipiscing elit. Lorem ipsum dolor sit amet, consectetur adipiscing elit.",
    "title": "Lorem ipsum dolor sit amet, consectetur adipiscing elit. Lorem ipsum dolor sit amet, consectetur adipiscing elit.",
    "url": "https://github.com/",
    "language_type": 1,
    "resource_type": 1,
    "content_type": 1,
    "date": "2021-02-22T20:53:00Z",
    "created": "2021-02-23T03:16:14.316Z",
    "modified": "2021-02-23T03:16:14.316Z",
    "expert": "f9f5b2d8-0947-4bbc-9931-3faa839001e5"
  }
},
{
  "model": "dmm.result",
  "pk": "0b539fe2-1220-44c2-86c6-513897b96553",
  "fields": {
    "text": "Lorem ipsum dolor sit amet, consectetur adipiscing elit. Lorem ipsum dolor sit amet, consectetur adipiscing elit.",
    "title": "Lorem ipsum dolor sit amet, consectetur adipiscing elit. Lorem ipsum dolor sit amet, consectetur adipiscing elit.",
    "url": "https://github.com/",
    "language_type": 1,
    "resource_type": 1,
    "content_type": 1,
    "date": "2021-02-22T03:24:00Z",
    "created": "2021-02-22T09:25:03.262Z",
    "modified": "2021-02-22T09:25:03.262Z",
    "expert": "f9f5b2d8-0947-4bbc-9931-3faa839001e5"
  }
},
{
  "model": "dmm.result",
  "pk": "10f72205-61d7-41b1-bd91-1f5f64813c2c",
  "fields": {
    "text": "Lorem ipsum dolor sit amet, consectetur adipiscing elit. Lorem ipsum dolor sit amet, consectetur adipiscing elit.",
    "title": "Lorem ipsum dolor sit amet, consectetur adipiscing elit. Lorem ipsum dolor sit amet, consectetur adipiscing elit.",
    "url": "https://github.com/",
    "language_type": 1,
    "resource_type": 1,
    "content_type": 1,
    "date": "2021-02-22T04:19:00Z",
    "created": "2021-02-22T10:29:42.060Z",
    "modified": "2021-02-22T10:29:42.060Z",
    "expert": "f9f5b2d8-0947-4bbc-9931-3faa839001e5"
  }
},
{
  "model": "dmm.result",
  "pk": "18c157d0-927a-4fe0-ab59-66e02348c025",
  "fields": {
    "text": "Lorem ipsum dolor sit amet, consectetur adipiscing elit. Lorem ipsum dolor sit amet, consectetur adipiscing elit.",
    "title": "Lorem ipsum dolor sit amet, consectetur adipiscing elit. Lorem ipsum dolor sit amet, consectetur adipiscing elit.",
    "url": "https://github.com/",
    "language_type": 1,
    "resource_type": 1,
    "content_type": 1,
    "date": "2021-02-22T02:59:00Z",
    "created": "2021-02-22T09:04:07.873Z",
    "modified": "2021-02-22T09:04:07.873Z",
    "expert": "f9f5b2d8-0947-4bbc-9931-3faa839001e5"
  }
},
{
  "model": "dmm.result",
  "pk": "1a1e4baa-6c0f-4a8c-8a32-1ffa59a87c15",
  "fields": {
    "text": "Lorem ipsum dolor sit amet, consectetur adipiscing elit. Lorem ipsum dolor sit amet, consectetur adipiscing elit.",
    "title": "Lorem ipsum dolor sit amet, consectetur adipiscing elit. Lorem ipsum dolor sit amet, consectetur adipiscing elit.",
    "url": "https://github.com/",
    "language_type": 1,
    "resource_type": 1,
    "content_type": 1,
    "date": "2021-02-22T03:11:00Z",
    "created": "2021-02-22T09:14:13.916Z",
    "modified": "2021-02-22T09:14:13.916Z",
    "expert": "f9f5b2d8-0947-4bbc-9931-3faa839001e5"
  }
},
{
  "model": "dmm.result",
  "pk": "210e53de-3093-4b6f-9037-20ffe17a6075",
  "fields": {
    "text": "Lorem ipsum dolor sit amet, consectetur adipiscing elit. Lorem ipsum dolor sit amet, consectetur adipiscing elit.",
    "title": "Lorem ipsum dolor sit amet, consectetur adipiscing elit. Lorem ipsum dolor sit amet, consectetur adipiscing elit.",
    "url": "https://github.com/",
    "language_type": 1,
    "resource_type": 1,
    "content_type": 1,
    "date": "2021-02-22T20:53:00Z",
    "created": "2021-02-23T03:13:40.291Z",
    "modified": "2021-02-23T03:13:40.291Z",
    "expert": "f9f5b2d8-0947-4bbc-9931-3faa839001e5"
  }
},
{
  "model": "dmm.result",
  "pk": "27364446-7ece-40f3-8515-0f96a9ae92a0",
  "fields": {
    "text": "Lorem ipsum dolor sit amet, consectetur adipiscing elit. Lorem ipsum dolor sit amet, consectetur adipiscing elit.",
    "title": "Lorem ipsum dolor sit amet, consectetur adipiscing elit. Lorem ipsum dolor sit amet, consectetur adipiscing elit.",
    "url": "https://github.com/",
    "language_type": 1,
    "resource_type": 1,
    "content_type": 1,
    "date": "2021-02-22T04:34:00Z",
    "created": "2021-02-22T10:34:12.894Z",
    "modified": "2021-02-22T10:34:12.894Z",
    "expert": "f9f5b2d8-0947-4bbc-9931-3faa839001e5"
  }
},
{
  "model": "dmm.result",
  "pk": "287660c6-fabd-4f29-baf0-75113076a730",
  "fields": {
    "text": "Lorem ipsum dolor sit amet, consectetur adipiscing elit. Lorem ipsum dolor sit amet, consectetur adipiscing elit.",
    "title": "Lorem ipsum dolor sit amet, consectetur adipiscing elit. Lorem ipsum dolor sit amet, consectetur adipiscing elit.",
    "url": "https://github.com/",
    "language_type": 1,
    "resource_type": 1,
    "content_type": 1,
    "date": "2021-02-22T03:27:00Z",
    "created": "2021-02-22T09:59:18.681Z",
    "modified": "2021-02-22T09:59:18.681Z",
    "expert": "f9f5b2d8-0947-4bbc-9931-3faa839001e5"
  }
},
{
  "model": "dmm.result",
  "pk": "358d991d-7305-4366-888f-5fbe55e2f311",
  "fields": {
    "text": "Lorem ipsum dolor sit amet, consectetur adipiscing elit. Lorem ipsum dolor sit amet, consectetur adipiscing elit.",
    "title": "Lorem ipsum dolor sit amet, consectetur adipiscing elit. Lorem ipsum dolor sit amet, consectetur adipiscing elit.",
    "url": "https://github.com/",
    "language_type": 1,
    "resource_type": 1,
    "content_type": 1,
    "date": "2021-02-22T04:19:00Z",
    "created": "2021-02-22T10:32:11.091Z",
    "modified": "2021-02-22T10:32:11.091Z",
    "expert": "f9f5b2d8-0947-4bbc-9931-3faa839001e5"
  }
},
{
  "model": "dmm.result",
  "pk": "374f10ec-87a3-47c7-be4e-1a31972982e6",
  "fields": {
    "text": "Lorem ipsum dolor sit amet, consectetur adipiscing elit. Lorem ipsum dolor sit amet, consectetur adipiscing elit.",
    "title": "Lorem ipsum dolor sit amet, consectetur adipiscing elit. Lorem ipsum dolor sit amet, consectetur adipiscing elit.",
    "url": "https://github.com/",
    "language_type": 1,
    "resource_type": 1,
    "content_type": 1,
    "date": "2021-02-22T04:19:00Z",
    "created": "2021-02-22T10:30:42.022Z",
    "modified": "2021-02-22T10:30:42.022Z",
    "expert": "f9f5b2d8-0947-4bbc-9931-3faa839001e5"
  }
},
{
  "model": "dmm.result",
  "pk": "39f13e99-dad0-4af5-895b-f2df08159113",
  "fields": {
    "text": "Lorem ipsum dolor sit amet, consectetur adipiscing elit. Lorem ipsum dolor sit amet, consectetur adipiscing elit.",
    "title": "Lorem ipsum dolor sit amet, consectetur adipiscing elit. Lorem ipsum dolor sit amet, consectetur adipiscing elit.",
    "url": "https://github.com/",
    "language_type": 1,
    "resource_type": 1,
    "content_type": 1,
    "date": "2021-02-22T03:27:00Z",
    "created": "2021-02-22T10:01:25.014Z",
    "modified": "2021-02-22T10:01:25.014Z",
    "expert": "f9f5b2d8-0947-4bbc-9931-3faa839001e5"
  }
},
{
  "model": "dmm.result",
  "pk": "3b29bc8a-ca18-4538-9761-aa088d209c24",
  "fields": {
    "text": "Lorem ipsum dolor sit amet, consectetur adipiscing elit. Lorem ipsum dolor sit amet, consectetur adipiscing elit.",
    "title": "Lorem ipsum dolor sit amet, consectetur adipiscing elit. Lorem ipsum dolor sit amet, consectetur adipiscing elit.",
    "url": "https://github.com/",
    "language_type": 1,
    "resource_type": 1,
    "content_type": 1,
    "date": "2021-02-22T04:18:00Z",
    "created": "2021-02-22T10:19:35.080Z",
    "modified": "2021-02-22T10:19:35.094Z",
    "expert": "f9f5b2d8-0947-4bbc-9931-3faa839001e5"
  }
},
{
  "model": "dmm.result",
  "pk": "3ecd8ff8-1560-4738-a4af-b24c22432341",
  "fields": {
    "text": "Lorem ipsum dolor sit amet, consectetur adipiscing elit. Lorem ipsum dolor sit amet, consectetur adipiscing elit.",
    "title": "Lorem ipsum dolor sit amet, consectetur adipiscing elit. Lorem ipsum dolor sit amet, consectetur adipiscing elit.",
    "url": "https://github.com/",
    "language_type": 1,
    "resource_type": 1,
    "content_type": 1,
    "date": "2021-02-22T20:53:00Z",
    "created": "2021-02-23T03:14:24.748Z",
    "modified": "2021-02-23T03:14:24.748Z",
    "expert": "f9f5b2d8-0947-4bbc-9931-3faa839001e5"
  }
},
{
  "model": "dmm.result",
  "pk": "4c37b893-fa29-4ee9-a73b-dd40eee82149",
  "fields": {
    "text": "Lorem ipsum dolor sit amet, consectetur adipiscing elit. Lorem ipsum dolor sit amet, consectetur adipiscing elit.",
    "title": "Lorem ipsum dolor sit amet, consectetur adipiscing elit. Lorem ipsum dolor sit amet, consectetur adipiscing elit.",
    "url": "https://github.com/",
    "language_type": 1,
    "resource_type": 1,
    "content_type": 1,
    "date": "2021-02-22T02:56:00Z",
    "created": "2021-02-22T08:57:23.773Z",
    "modified": "2021-02-22T08:57:23.773Z",
    "expert": "f9f5b2d8-0947-4bbc-9931-3faa839001e5"
  }
},
{
  "model": "dmm.result",
  "pk": "5ea06cdd-b55c-48c4-8ae8-f7272ff297cb",
  "fields": {
    "text": "Lorem ipsum dolor sit amet, consectetur adipiscing elit. Lorem ipsum dolor sit amet, consectetur adipiscing elit.",
    "title": "Lorem ipsum dolor sit amet, consectetur adipiscing elit. Lorem ipsum dolor sit amet, consectetur adipiscing elit.",
    "url": "https://github.com/",
    "language_type": 1,
    "resource_type": 1,
    "content_type": 1,
    "date": "2021-02-22T04:19:00Z",
    "created": "2021-02-22T10:29:12.545Z",
    "modified": "2021-02-22T10:29:12.545Z",
    "expert": "f9f5b2d8-0947-4bbc-9931-3faa839001e5"
  }
},
{
  "model": "dmm.result",
  "pk": "603d92cd-f618-4417-9743-7b39491c2c14",
  "fields": {
    "text": "Lorem ipsum dolor sit amet, consectetur adipiscing elit. Lorem ipsum dolor sit amet, consectetur adipiscing elit.",
    "title": "Lorem ipsum dolor sit amet, consectetur adipiscing elit. Lorem ipsum dolor sit amet, consectetur adipiscing elit.",
    "url": "https://github.com/",
    "language_type": 1,
    "resource_type": 1,
    "content_type": 1,
    "date": "2021-02-22T03:24:00Z",
    "created": "2021-02-22T09:25:27.994Z",
    "modified": "2021-02-22T09:25:27.994Z",
    "expert": "f9f5b2d8-0947-4bbc-9931-3faa839001e5"
  }
},
{
  "model": "dmm.result",
  "pk": "7196a123-b20a-4e82-9352-d125c42b1d04",
  "fields": {
    "text": "Lorem ipsum dolor sit amet, consectetur adipiscing elit. Lorem ipsum dolor sit amet, consectetur adipiscing elit.",
    "title": "Lorem ipsum dolor sit amet, consectetur adipiscing elit. Lorem ipsum dolor sit amet, consectetur adipiscing elit.",
    "url": "https://github.com/",
    "language_type": 1,
    "resource_type": 1,
    "content_type": 1,
    "date": "2021-02-22T02:59:00Z",
    "created": "2021-02-22T09:00:00.181Z",
    "modified": "2021-02-22T09:00:00.181Z",
    "expert": "f9f5b2d8-0947-4bbc-9931-3faa839001e5"
  }
},
{
  "model": "dmm.result",
  "pk": "71b46996-c218-4daf-89c6-b90cabe4a209",
  "fields": {
    "text": "Lorem ipsum dolor sit amet, consectetur adipiscing elit. Lorem ipsum dolor sit amet, consectetur adipiscing elit.",
    "title": "Lorem ipsum dolor sit amet, consectetur adipiscing elit. Lorem ipsum dolor sit amet, consectetur adipiscing elit.",
    "url": "https://github.com/",
    "language_type": 1,
    "resource_type": 1,
    "content_type": 1,
    "date": "2021-02-22T03:11:00Z",
    "created": "2021-02-22T09:14:18.352Z",
    "modified": "2021-02-22T09:14:18.352Z",
    "expert": "f9f5b2d8-0947-4bbc-9931-3faa839001e5"
  }
},
{
  "model": "dmm.result",
  "pk": "73df9ce6-57d3-471c-b257-096fdfa88d89",
  "fields": {
    "text": "Lorem ipsum dolor sit amet, consectetur adipiscing elit. Lorem ipsum dolor sit amet, consectetur adipiscing elit.",
    "title": "Lorem ipsum dolor sit amet, consectetur adipiscing elit. Lorem ipsum dolor sit amet, consectetur adipiscing elit.",
    "url": "https://github.com/",
    "language_type": 1,
    "resource_type": 1,
    "content_type": 1,
    "date": "2021-02-22T20:53:00Z",
    "created": "2021-02-23T03:12:27.743Z",
    "modified": "2021-02-23T03:12:27.743Z",
    "expert": "f9f5b2d8-0947-4bbc-9931-3faa839001e5"
  }
},
{
  "model": "dmm.result",
  "pk": "7a0c4785-35bc-463d-a445-0c4a40d8ddee",
  "fields": {
    "text": "Lorem ipsum dolor sit amet, consectetur adipiscing elit. Lorem ipsum dolor sit amet, consectetur adipiscing elit.",
    "title": "Lorem ipsum dolor sit amet, consectetur adipiscing elit. Lorem ipsum dolor sit amet, consectetur adipiscing elit.",
    "url": "https://github.com/",
    "language_type": 1,
    "resource_type": 1,
    "content_type": 1,
    "date": "2021-02-22T05:37:00Z",
    "created": "2021-02-22T11:39:24.803Z",
    "modified": "2021-02-22T11:39:24.803Z",
    "expert": "f9f5b2d8-0947-4bbc-9931-3faa839001e5"
  }
},
{
  "model": "dmm.result",
  "pk": "7adf7521-4f11-4359-acd1-b89634771487",
  "fields": {
    "text": "Lorem ipsum dolor sit amet, consectetur adipiscing elit. Lorem ipsum dolor sit amet, consectetur adipiscing elit.",
    "title": "Lorem ipsum dolor sit amet, consectetur adipiscing elit. Lorem ipsum dolor sit amet, consectetur adipiscing elit.",
    "url": "https://github.com/",
    "language_type": 1,
    "resource_type": 1,
    "content_type": 1,
    "date": "2021-02-22T20:53:00Z",
    "created": "2021-02-23T03:15:09.317Z",
    "modified": "2021-02-23T03:15:09.317Z",
    "expert": "f9f5b2d8-0947-4bbc-9931-3faa839001e5"
  }
},
{
  "model": "dmm.result",
  "pk": "7b27955f-40f7-4385-9859-f20957a3e3f6",
  "fields": {
    "text": "Lorem ipsum dolor sit amet, consectetur adipiscing elit. Lorem ipsum dolor sit amet, consectetur adipiscing elit.",
    "title": "Lorem ipsum dolor sit amet, consectetur adipiscing elit. Lorem ipsum dolor sit amet, consectetur adipiscing elit.",
    "url": "https://github.com/",
    "language_type": 1,
    "resource_type": 1,
    "content_type": 1,
    "date": "2021-02-22T04:19:00Z",
    "created": "2021-02-22T10:31:21.464Z",
    "modified": "2021-02-22T10:31:21.464Z",
    "expert": "f9f5b2d8-0947-4bbc-9931-3faa839001e5"
  }
},
{
  "model": "dmm.result",
  "pk": "7b49599d-1d2d-41ff-a718-6aca31a98fe5",
  "fields": {
    "text": "Lorem ipsum dolor sit amet, consectetur adipiscing elit. Lorem ipsum dolor sit amet, consectetur adipiscing elit.",
    "title": "Lorem ipsum dolor sit amet, consectetur adipiscing elit. Lorem ipsum dolor sit amet, consectetur adipiscing elit.",
    "url": "https://github.com/",
    "language_type": 1,
    "resource_type": 1,
    "content_type": 1,
    "date": "2021-02-22T03:27:00Z",
    "created": "2021-02-22T09:58:42.636Z",
    "modified": "2021-02-22T09:58:42.636Z",
    "expert": "f9f5b2d8-0947-4bbc-9931-3faa839001e5"
  }
},
{
  "model": "dmm.result",
  "pk": "882c01f5-d2eb-4371-af57-f307d6c377be",
  "fields": {
    "text": "Lorem ipsum dolor sit amet, consectetur adipiscing elit. Lorem ipsum dolor sit amet, consectetur adipiscing elit.",
    "title": "Lorem ipsum dolor sit amet, consectetur adipiscing elit. Lorem ipsum dolor sit amet, consectetur adipiscing elit.",
    "url": "https://github.com/",
    "language_type": 1,
    "resource_type": 1,
    "content_type": 1,
    "date": "2021-02-22T04:19:00Z",
    "created": "2021-02-22T10:20:03.594Z",
    "modified": "2021-02-22T10:20:03.594Z",
    "expert": "f9f5b2d8-0947-4bbc-9931-3faa839001e5"
  }
},
{
  "model": "dmm.result",
  "pk": "8db77d1d-84b9-4275-a9ec-2b0e6f479849",
  "fields": {
    "text": "Lorem ipsum dolor sit amet, consectetur adipiscing elit. Lorem ipsum dolor sit amet, consectetur adipiscing elit.",
    "title": "Lorem ipsum dolor sit amet, consectetur adipiscing elit. Lorem ipsum dolor sit amet, consectetur adipiscing elit.",
    "url": "https://github.com/",
    "language_type": 1,
    "resource_type": 1,
    "content_type": 1,
    "date": "2021-02-22T03:27:00Z",
    "created": "2021-02-22T10:10:18.394Z",
    "modified": "2021-02-22T10:10:18.394Z",
    "expert": "f9f5b2d8-0947-4bbc-9931-3faa839001e5"
  }
},
{
  "model": "dmm.result",
  "pk": "8e1c149d-f53f-44f4-9dc5-b85cb2e10baa",
  "fields": {
    "text": "Lorem ipsum dolor sit amet, consectetur adipiscing elit. Lorem ipsum dolor sit amet, consectetur adipiscing elit.",
    "title": "Lorem ipsum dolor sit amet, consectetur adipiscing elit. Lorem ipsum dolor sit amet, consectetur adipiscing elit.",
    "url": "https://github.com/",
    "language_type": 1,
    "resource_type": 1,
    "content_type": 1,
    "date": "2021-02-22T20:53:00Z",
    "created": "2021-02-23T02:56:02.294Z",
    "modified": "2021-02-23T02:56:02.294Z",
    "expert": "f9f5b2d8-0947-4bbc-9931-3faa839001e5"
  }
},
{
  "model": "dmm.result",
  "pk": "8ebbe025-0fb7-4fcd-b1dc-d1c7654c345b",
  "fields": {
    "text": "Lorem ipsum dolor sit amet, consectetur adipiscing elit. Lorem ipsum dolor sit amet, consectetur adipiscing elit.",
    "title": "Lorem ipsum dolor sit amet, consectetur adipiscing elit. Lorem ipsum dolor sit amet, consectetur adipiscing elit.",
    "url": "https://github.com/",
    "language_type": 1,
    "resource_type": 1,
    "content_type": 1,
    "date": "2021-02-22T20:53:00Z",
    "created": "2021-02-23T03:14:17.878Z",
    "modified": "2021-02-23T03:14:17.878Z",
    "expert": "f9f5b2d8-0947-4bbc-9931-3faa839001e5"
  }
},
{
  "model": "dmm.result",
  "pk": "8f12182b-b73c-4e73-ba00-6d8b3c4774fe",
  "fields": {
    "text": "Lorem ipsum dolor sit amet, consectetur adipiscing elit. Lorem ipsum dolor sit amet, consectetur adipiscing elit.",
    "title": "Lorem ipsum dolor sit amet, consectetur adipiscing elit. Lorem ipsum dolor sit amet, consectetur adipiscing elit.",
    "url": "https://github.com/",
    "language_type": 1,
    "resource_type": 1,
    "content_type": 1,
    "date": "2021-02-22T03:11:00Z",
    "created": "2021-02-22T09:13:59.443Z",
    "modified": "2021-02-22T09:13:59.443Z",
    "expert": "f9f5b2d8-0947-4bbc-9931-3faa839001e5"
  }
},
{
  "model": "dmm.result",
  "pk": "91fa8f35-9c86-4c60-87bb-ccc0c885841e",
  "fields": {
    "text": "Lorem ipsum dolor sit amet, consectetur adipiscing elit. Lorem ipsum dolor sit amet, consectetur adipiscing elit.",
    "title": "Lorem ipsum dolor sit amet, consectetur adipiscing elit. Lorem ipsum dolor sit amet, consectetur adipiscing elit.",
    "url": "https://github.com/",
    "language_type": 1,
    "resource_type": 1,
    "content_type": 1,
    "date": "2021-02-22T02:59:00Z",
    "created": "2021-02-22T09:04:13.287Z",
    "modified": "2021-02-22T09:04:13.287Z",
    "expert": "f9f5b2d8-0947-4bbc-9931-3faa839001e5"
  }
},
{
  "model": "dmm.result",
  "pk": "9abd8db1-834d-4410-88a9-6deb8875c186",
  "fields": {
    "text": "Lorem ipsum dolor sit amet, consectetur adipiscing elit. Lorem ipsum dolor sit amet, consectetur adipiscing elit.",
    "title": "Lorem ipsum dolor sit amet, consectetur adipiscing elit. Lorem ipsum dolor sit amet, consectetur adipiscing elit.",
    "url": "https://github.com/",
    "language_type": 1,
    "resource_type": 1,
    "content_type": 1,
    "date": "2021-02-22T02:52:00Z",
    "created": "2021-02-22T08:53:08.925Z",
    "modified": "2021-02-22T08:53:08.925Z",
    "expert": "f9f5b2d8-0947-4bbc-9931-3faa839001e5"
  }
},
{
  "model": "dmm.result",
  "pk": "9d85019d-0d11-4780-b15c-5f14a3aa0d81",
  "fields": {
    "text": "Lorem ipsum dolor sit amet, consectetur adipiscing elit. Lorem ipsum dolor sit amet, consectetur adipiscing elit.",
    "title": "Lorem ipsum dolor sit amet, consectetur adipiscing elit. Lorem ipsum dolor sit amet, consectetur adipiscing elit.",
    "url": "https://github.com/",
    "language_type": 1,
    "resource_type": 1,
    "content_type": 1,
    "date": "2021-02-22T20:53:00Z",
    "created": "2021-02-23T02:54:20.987Z",
    "modified": "2021-02-23T02:54:20.987Z",
    "expert": "f9f5b2d8-0947-4bbc-9931-3faa839001e5"
  }
},
{
  "model": "dmm.result",
  "pk": "bbdebbf4-d84d-4f49-afe8-75d938a05d9b",
  "fields": {
    "text": "Lorem ipsum dolor sit amet, consectetur adipiscing elit. Lorem ipsum dolor sit amet, consectetur adipiscing elit.",
    "title": "Lorem ipsum dolor sit amet, consectetur adipiscing elit. Lorem ipsum dolor sit amet, consectetur adipiscing elit.",
    "url": "https://github.com/",
    "language_type": 1,
    "resource_type": 1,
    "content_type": 1,
    "date": "2021-02-22T04:19:00Z",
    "created": "2021-02-22T10:28:37.210Z",
    "modified": "2021-02-22T10:28:37.210Z",
    "expert": "f9f5b2d8-0947-4bbc-9931-3faa839001e5"
  }
},
{
  "model": "dmm.result",
  "pk": "c2b9130d-b017-4d59-8e02-b1ba83f48e15",
  "fields": {
    "text": "Lorem ipsum dolor sit amet, consectetur adipiscing elit. Lorem ipsum dolor sit amet, consectetur adipiscing elit.",
    "title": "Lorem ipsum dolor sit amet, consectetur adipiscing elit. Lorem ipsum dolor sit amet, consectetur adipiscing elit.",
    "url": "https://github.com/",
    "language_type": 1,
    "resource_type": 1,
    "content_type": 1,
    "date": "2021-02-22T04:19:00Z",
    "created": "2021-02-22T10:27:04.964Z",
    "modified": "2021-02-22T10:27:04.964Z",
    "expert": "f9f5b2d8-0947-4bbc-9931-3faa839001e5"
  }
},
{
  "model": "dmm.result",
  "pk": "c798c689-14df-45f7-aad0-47dfc9bdff82",
  "fields": {
    "text": "Lorem ipsum dolor sit amet, consectetur adipiscing elit. Lorem ipsum dolor sit amet, consectetur adipiscing elit.",
    "title": "Lorem ipsum dolor sit amet, consectetur adipiscing elit. Lorem ipsum dolor sit amet, consectetur adipiscing elit.",
    "url": "https://github.com/",
    "language_type": 1,
    "resource_type": 1,
    "content_type": 1,
    "date": "2021-02-22T03:27:00Z",
    "created": "2021-02-22T09:27:29.828Z",
    "modified": "2021-02-22T09:27:29.828Z",
    "expert": "f9f5b2d8-0947-4bbc-9931-3faa839001e5"
  }
},
{
  "model": "dmm.result",
  "pk": "d0765087-d58c-47f8-9a77-8b42b660efc4",
  "fields": {
    "text": "Lorem ipsum dolor sit amet, consectetur adipiscing elit. Lorem ipsum dolor sit amet, consectetur adipiscing elit.",
    "title": "Lorem ipsum dolor sit amet, consectetur adipiscing elit. Lorem ipsum dolor sit amet, consectetur adipiscing elit.",
    "url": "https://github.com/",
    "language_type": 1,
    "resource_type": 1,
    "content_type": 1,
    "date": "2021-02-22T03:24:00Z",
    "created": "2021-02-22T09:25:42.910Z",
    "modified": "2021-02-22T09:25:42.910Z",
    "expert": "f9f5b2d8-0947-4bbc-9931-3faa839001e5"
  }
},
{
  "model": "dmm.result",
  "pk": "d882370f-ca3d-413f-875d-4f9ddc247213",
  "fields": {
    "text": "Lorem ipsum dolor sit amet, consectetur adipiscing elit. Lorem ipsum dolor sit amet, consectetur adipiscing elit.",
    "title": "Lorem ipsum dolor sit amet, consectetur adipiscing elit. Lorem ipsum dolor sit amet, consectetur adipiscing elit.",
    "url": "https://github.com/",
    "language_type": 1,
    "resource_type": 1,
    "content_type": 1,
    "date": "2021-02-22T03:27:00Z",
    "created": "2021-02-22T10:10:58.182Z",
    "modified": "2021-02-22T10:10:58.182Z",
    "expert": "f9f5b2d8-0947-4bbc-9931-3faa839001e5"
  }
},
{
  "model": "dmm.result",
  "pk": "d908db57-7244-44cf-91d5-da6248ead59e",
  "fields": {
    "text": "Lorem ipsum dolor sit amet, consectetur adipiscing elit. Lorem ipsum dolor sit amet, consectetur adipiscing elit.",
    "title": "Lorem ipsum dolor sit amet, consectetur adipiscing elit. Lorem ipsum dolor sit amet, consectetur adipiscing elit.",
    "url": "https://github.com/",
    "language_type": 1,
    "resource_type": 1,
    "content_type": 1,
    "date": "2021-02-22T03:24:00Z",
    "created": "2021-02-22T09:27:12.077Z",
    "modified": "2021-02-22T09:27:12.077Z",
    "expert": "f9f5b2d8-0947-4bbc-9931-3faa839001e5"
  }
},
{
  "model": "dmm.result",
  "pk": "db686914-8b27-4409-bc46-509a9460d78e",
  "fields": {
    "text": "Lorem ipsum dolor sit amet, consectetur adipiscing elit. Lorem ipsum dolor sit amet, consectetur adipiscing elit.",
    "title": "Lorem ipsum dolor sit amet, consectetur adipiscing elit. Lorem ipsum dolor sit amet, consectetur adipiscing elit.",
    "url": "https://github.com/",
    "language_type": 1,
    "resource_type": 1,
    "content_type": 1,
    "date": "2021-02-22T03:27:00Z",
    "created": "2021-02-22T09:58:38.666Z",
    "modified": "2021-02-22T09:58:38.666Z",
    "expert": "f9f5b2d8-0947-4bbc-9931-3faa839001e5"
  }
},
{
  "model": "dmm.result",
  "pk": "dc530b7e-3695-4b06-b9a9-5c53c4acb718",
  "fields": {
    "text": "Lorem ipsum dolor sit amet, consectetur adipiscing elit. Lorem ipsum dolor sit amet, consectetur adipiscing elit.",
    "title": "Lorem ipsum dolor sit amet, consectetur adipiscing elit. Lorem ipsum dolor sit amet, consectetur adipiscing elit.",
    "url": "https://github.com/",
    "language_type": 1,
    "resource_type": 1,
    "content_type": 1,
    "date": "2021-02-22T03:27:00Z",
    "created": "2021-02-22T10:11:04.970Z",
    "modified": "2021-02-22T10:11:04.970Z",
    "expert": "f9f5b2d8-0947-4bbc-9931-3faa839001e5"
  }
},
{
  "model": "dmm.result",
  "pk": "e98bfe8b-5ae7-4e6b-8aa4-174d3d977048",
  "fields": {
    "text": "Lorem ipsum dolor sit amet, consectetur adipiscing elit. Lorem ipsum dolor sit amet, consectetur adipiscing elit.",
    "title": "Lorem ipsum dolor sit amet, consectetur adipiscing elit. Lorem ipsum dolor sit amet, consectetur adipiscing elit.",
    "url": "https://github.com/",
    "language_type": 1,
    "resource_type": 1,
    "content_type": 1,
    "date": "2021-02-22T20:53:00Z",
    "created": "2021-02-23T03:16:02.165Z",
    "modified": "2021-02-23T03:16:02.165Z",
    "expert": "f9f5b2d8-0947-4bbc-9931-3faa839001e5"
  }
},
{
  "model": "dmm.result",
  "pk": "eef94843-6250-47da-9069-5d1a334d49ac",
  "fields": {
    "text": "Lorem ipsum dolor sit amet, consectetur adipiscing elit. Lorem ipsum dolor sit amet, consectetur adipiscing elit.",
    "title": "Lorem ipsum dolor sit amet, consectetur adipiscing elit. Lorem ipsum dolor sit amet, consectetur adipiscing elit.",
    "url": "https://github.com/",
    "language_type": 1,
    "resource_type": 1,
    "content_type": 1,
    "date": "2021-02-22T03:27:00Z",
    "created": "2021-02-22T10:17:48.469Z",
    "modified": "2021-02-22T10:17:48.469Z",
    "expert": "f9f5b2d8-0947-4bbc-9931-3faa839001e5"
  }
},
{
  "model": "dmm.result",
  "pk": "f4170442-7676-4fb5-9aa5-f1bcaed33fac",
  "fields": {
    "text": "Lorem ipsum dolor sit amet, consectetur adipiscing elit. Lorem ipsum dolor sit amet, consectetur adipiscing elit.",
    "title": "Lorem ipsum dolor sit amet, consectetur adipiscing elit. Lorem ipsum dolor sit amet, consectetur adipiscing elit.",
    "url": "https://github.com/",
    "language_type": 1,
    "resource_type": 1,
    "content_type": 1,
    "date": "2021-02-22T20:53:00Z",
    "created": "2021-02-23T03:11:25.029Z",
    "modified": "2021-02-23T03:11:25.029Z",
    "expert": "f9f5b2d8-0947-4bbc-9931-3faa839001e5"
  }
},
{
  "model": "dmm.tag",
  "pk": 1,
  "fields": {
    "name": "tag1",
    "description": "des",
    "is_common": false,
    "expert": "f9f5b2d8-0947-4bbc-9931-3faa839001e5"
  }
},
{
  "model": "dmm.tag",
  "pk": 2,
  "fields": {
    "name": "tag2",
    "description": "des",
    "is_common": false,
    "expert": "f9f5b2d8-0947-4bbc-9931-3faa839001e5"
  }
},
{
  "model": "dmm.specie",
  "pk": 1,
  "fields": {
    "name": "specie1",
    "description": "des",
    "expert": "f9f5b2d8-0947-4bbc-9931-3faa839001e5"
  }
},
{
  "model": "dmm.specie",
  "pk": 2,
  "fields": {
    "name": "specie2",
    "description": "des",
    "expert": "f9f5b2d8-0947-4bbc-9931-3faa839001e5"
  }
},
{
  "model": "dmm.tonaltype",
  "pk": 1,
  "fields": {
    "name": "1"
  }
},
{
  "model": "dmm.tonaltype",
  "pk": 2,
  "fields": {
    "name": "2"
  }
},
{
  "model": "dmm.tonaltype",
  "pk": 3,
  "fields": {
    "name": "3"
  }
},
{
  "model": "dmm.comment",
  "pk": "0e304cf0-de69-4b6b-8fbb-d4c23499d549",
  "fields": {
    "text": "Lorem ipsum dolor sit amet, consectetur adipiscing elit. Sed elementum sem ac magna suscipit, non.",
    "author_url": "OLOLO",
    "result": "0b539fe2-1220-44c2-86c6-513897b96553",
    "is_answer": false,
    "language_type": 1,
    "resource_type": 1,
    "date": "2021-02-22T03:24:00Z",
    "specie": 1,
    "tonal_type": null,
    "clarification": "Lorem ipsum dolor sit amet, consectetur adipiscing elit.",
    "expert": "00d52d59-b11d-4aa2-8f12-f1fda93857b5",
    "created": "2021-02-22T09:25:03.269Z",
    "modified": "2021-02-22T09:25:03.269Z",
    "tags": []
  }
},
{
  "model": "dmm.comment",
  "pk": "18426c05-3dd1-472b-8f98-fe13db5dbeba",
  "fields": {
    "text": "Lorem ipsum dolor sit amet, consectetur adipiscing elit. Sed elementum sem ac magna suscipit, non.",
    "author_url": "OLOLO",
    "result": "7b27955f-40f7-4385-9859-f20957a3e3f6",
    "is_answer": false,
    "language_type": 1,
    "resource_type": 1,
    "date": "2021-02-22T04:19:00Z",
    "specie": 1,
    "tonal_type": 1,
    "clarification": "Lorem ipsum dolor sit amet, consectetur adipiscing elit.",
    "expert": "00d52d59-b11d-4aa2-8f12-f1fda93857b5",
    "created": "2021-02-22T10:31:21.472Z",
    "modified": "2021-02-22T10:31:21.472Z",
    "tags": [
      1,
      2
    ]
  }
},
{
  "model": "dmm.comment",
  "pk": "2bf87fa5-b8b1-4734-862e-0baf375a66a9",
  "fields": {
    "text": "Lorem ipsum dolor sit amet, consectetur adipiscing elit. Sed elementum sem ac magna suscipit, non.",
    "author_url": "OLOLO",
    "result": "8f12182b-b73c-4e73-ba00-6d8b3c4774fe",
    "is_answer": false,
    "language_type": 1,
    "resource_type": 1,
    "date": "2021-02-22T03:11:00Z",
    "specie": 1,
    "tonal_type": null,
    "clarification": "Lorem ipsum dolor sit amet, consectetur adipiscing elit.",
    "expert": "00d52d59-b11d-4aa2-8f12-f1fda93857b5",
    "created": "2021-02-22T09:13:59.450Z",
    "modified": "2021-02-22T09:13:59.450Z",
    "tags": []
  }
},
{
  "model": "dmm.comment",
  "pk": "2d05c9b8-39c4-4e91-9d7f-76769967c5b4",
  "fields": {
    "text": "Lorem ipsum dolor sit amet, consectetur adipiscing elit. Sed elementum sem ac magna suscipit, non.",
    "author_url": "OLOLO",
    "result": "4c37b893-fa29-4ee9-a73b-dd40eee82149",
    "is_answer": false,
    "language_type": 1,
    "resource_type": 1,
    "date": "2021-02-22T02:56:00Z",
    "specie": 1,
    "tonal_type": null,
    "clarification": "Lorem ipsum dolor sit amet, consectetur adipiscing elit.",
    "expert": "00d52d59-b11d-4aa2-8f12-f1fda93857b5",
    "created": "2021-02-22T08:57:23.780Z",
    "modified": "2021-02-22T08:57:23.780Z",
    "tags": []
  }
},
{
  "model": "dmm.comment",
  "pk": "3819c16c-ca0f-406b-a555-74cb79b2d6d1",
  "fields": {
    "text": "Lorem ipsum dolor sit amet, consectetur adipiscing elit. Sed elementum sem ac magna suscipit, non.",
    "author_url": "OLOLO",
    "result": "27364446-7ece-40f3-8515-0f96a9ae92a0",
    "is_answer": false,
    "language_type": 1,
    "resource_type": 1,
    "date": "2021-02-22T04:34:00Z",
    "specie": 1,
    "tonal_type": 1,
    "clarification": "Lorem ipsum dolor sit amet, consectetur adipiscing elit.",
    "expert": "00d52d59-b11d-4aa2-8f12-f1fda93857b5",
    "created": "2021-02-22T10:34:12.902Z",
    "modified": "2021-02-22T10:34:12.902Z",
    "tags": [
      1,
      2
    ]
  }
},
{
  "model": "dmm.comment",
  "pk": "39d17166-4570-4fdf-a7ff-a1854a593a89",
  "fields": {
    "text": "Lorem ipsum dolor sit amet, consectetur adipiscing elit. Sed elementum sem ac magna suscipit, non.",
    "author_url": "OLOLO",
    "result": "8e1c149d-f53f-44f4-9dc5-b85cb2e10baa",
    "is_answer": false,
    "language_type": 1,
    "resource_type": 1,
    "date": "2021-02-22T20:53:00Z",
    "specie": 1,
    "tonal_type": 1,
    "clarification": "Lorem ipsum dolor sit amet, consectetur adipiscing elit.",
    "expert": "00d52d59-b11d-4aa2-8f12-f1fda93857b5",
    "created": "2021-02-23T02:56:02.304Z",
    "modified": "2021-02-23T02:56:02.304Z",
    "tags": []
  }
},
{
  "model": "dmm.comment",
  "pk": "4de886f6-79a4-4472-941b-3e6d01ed6e1c",
  "fields": {
    "text": "Lorem ipsum dolor sit amet, consectetur adipiscing elit. Sed elementum sem ac magna suscipit, non.",
    "author_url": "OLOLO",
    "result": "882c01f5-d2eb-4371-af57-f307d6c377be",
    "is_answer": false,
    "language_type": 1,
    "resource_type": 1,
    "date": "2021-02-22T04:19:00Z",
    "specie": 1,
    "tonal_type": 1,
    "clarification": "Lorem ipsum dolor sit amet, consectetur adipiscing elit.",
    "expert": "00d52d59-b11d-4aa2-8f12-f1fda93857b5",
    "created": "2021-02-22T10:20:03.603Z",
    "modified": "2021-02-22T10:20:03.603Z",
    "tags": [
      1,
      2
    ]
  }
},
{
  "model": "dmm.comment",
  "pk": "57518ec6-e57c-4789-a8ef-86ef6097f239",
  "fields": {
    "text": "Lorem ipsum dolor sit amet, consectetur adipiscing elit. Sed elementum sem ac magna suscipit, non.",
    "author_url": "OLOLO",
    "result": "3ecd8ff8-1560-4738-a4af-b24c22432341",
    "is_answer": false,
    "language_type": 1,
    "resource_type": 1,
    "date": "2021-02-22T20:53:00Z",
    "specie": 1,
    "tonal_type": 1,
    "clarification": "Lorem ipsum dolor sit amet, consectetur adipiscing elit.",
    "expert": "00d52d59-b11d-4aa2-8f12-f1fda93857b5",
    "created": "2021-02-23T03:14:24.757Z",
    "modified": "2021-02-23T03:14:24.757Z",
    "tags": []
  }
},
{
  "model": "dmm.comment",
  "pk": "5affc754-0071-4518-90b1-2248c6394ed0",
  "fields": {
    "text": "Lorem ipsum dolor sit amet, consectetur adipiscing elit. Sed elementum sem ac magna suscipit, non.",
    "author_url": "OLOLO",
    "result": "9d85019d-0d11-4780-b15c-5f14a3aa0d81",
    "is_answer": false,
    "language_type": 1,
    "resource_type": 1,
    "date": "2021-02-22T20:53:00Z",
    "specie": 1,
    "tonal_type": 1,
    "clarification": "Lorem ipsum dolor sit amet, consectetur adipiscing elit.",
    "expert": "00d52d59-b11d-4aa2-8f12-f1fda93857b5",
    "created": "2021-02-23T02:54:20.998Z",
    "modified": "2021-02-23T02:54:20.998Z",
    "tags": []
  }
},
{
  "model": "dmm.comment",
  "pk": "6c7a720f-3a3e-4c73-b7c0-3db5a2e11028",
  "fields": {
    "text": "Lorem ipsum dolor sit amet, consectetur adipiscing elit. Sed elementum sem ac magna suscipit, non.",
    "author_url": "OLOLO",
    "result": "603d92cd-f618-4417-9743-7b39491c2c14",
    "is_answer": false,
    "language_type": 1,
    "resource_type": 1,
    "date": "2021-02-22T03:24:00Z",
    "specie": 1,
    "tonal_type": null,
    "clarification": "Lorem ipsum dolor sit amet, consectetur adipiscing elit.",
    "expert": "00d52d59-b11d-4aa2-8f12-f1fda93857b5",
    "created": "2021-02-22T09:25:28.001Z",
    "modified": "2021-02-22T09:25:28.001Z",
    "tags": []
  }
},
{
  "model": "dmm.comment",
  "pk": "82c3bd19-7d39-4175-b9f7-88555efd47ee",
  "fields": {
    "text": "Lorem ipsum dolor sit amet, consectetur adipiscing elit. Sed elementum sem ac magna suscipit, non.",
    "author_url": "OLOLO",
    "result": "358d991d-7305-4366-888f-5fbe55e2f311",
    "is_answer": false,
    "language_type": 1,
    "resource_type": 1,
    "date": "2021-02-22T04:19:00Z",
    "specie": 1,
    "tonal_type": 1,
    "clarification": "Lorem ipsum dolor sit amet, consectetur adipiscing elit.",
    "expert": "00d52d59-b11d-4aa2-8f12-f1fda93857b5",
    "created": "2021-02-22T10:32:11.111Z",
    "modified": "2021-02-22T10:32:11.111Z",
    "tags": [
      1,
      2
    ]
  }
},
{
  "model": "dmm.comment",
  "pk": "885760e2-bbb8-4e9c-b4cf-89921988ee6b",
  "fields": {
    "text": "Lorem ipsum dolor sit amet, consectetur adipiscing elit. Sed elementum sem ac magna suscipit, non.",
    "author_url": "OLOLO",
    "result": "210e53de-3093-4b6f-9037-20ffe17a6075",
    "is_answer": false,
    "language_type": 1,
    "resource_type": 1,
    "date": "2021-02-22T20:53:00Z",
    "specie": 1,
    "tonal_type": 1,
    "clarification": "Lorem ipsum dolor sit amet, consectetur adipiscing elit.",
    "expert": "00d52d59-b11d-4aa2-8f12-f1fda93857b5",
    "created": "2021-02-23T03:13:40.325Z",
    "modified": "2021-02-23T03:13:40.325Z",
    "tags": []
  }
},
{
  "model": "dmm.comment",
  "pk": "89435bf4-ba17-4d71-9219-25fc33aaaf74",
  "fields": {
    "text": "Lorem ipsum dolor sit amet, consectetur adipiscing elit. Sed elementum sem ac magna suscipit, non.",
    "author_url": "OLOLO",
    "result": "7adf7521-4f11-4359-acd1-b89634771487",
    "is_answer": false,
    "language_type": 1,
    "resource_type": 1,
    "date": "2021-02-22T20:53:00Z",
    "specie": 1,
    "tonal_type": 1,
    "clarification": "Lorem ipsum dolor sit amet, consectetur adipiscing elit.",
    "expert": "00d52d59-b11d-4aa2-8f12-f1fda93857b5",
    "created": "2021-02-23T03:15:09.334Z",
    "modified": "2021-02-23T03:15:09.334Z",
    "tags": []
  }
},
{
  "model": "dmm.comment",
  "pk": "95bc3238-d156-46bd-af25-857bbc7239a8",
  "fields": {
    "text": "Lorem ipsum dolor sit amet, consectetur adipiscing elit. Sed elementum sem ac magna suscipit, non.",
    "author_url": "OLOLO",
    "result": "bbdebbf4-d84d-4f49-afe8-75d938a05d9b",
    "is_answer": false,
    "language_type": 1,
    "resource_type": 1,
    "date": "2021-02-22T04:19:00Z",
    "specie": 1,
    "tonal_type": 1,
    "clarification": "Lorem ipsum dolor sit amet, consectetur adipiscing elit.",
    "expert": "00d52d59-b11d-4aa2-8f12-f1fda93857b5",
    "created": "2021-02-22T10:28:37.219Z",
    "modified": "2021-02-22T10:28:37.219Z",
    "tags": [
      1,
      2
    ]
  }
},
{
  "model": "dmm.comment",
  "pk": "97d3f832-1d92-429d-8688-65c8df9167fc",
  "fields": {
    "text": "Lorem ipsum dolor sit amet, consectetur adipiscing elit. Sed elementum sem ac magna suscipit, non.",
    "author_url": "OLOLO",
    "result": "71b46996-c218-4daf-89c6-b90cabe4a209",
    "is_answer": false,
    "language_type": 1,
    "resource_type": 1,
    "date": "2021-02-22T03:11:00Z",
    "specie": 1,
    "tonal_type": null,
    "clarification": "Lorem ipsum dolor sit amet, consectetur adipiscing elit.",
    "expert": "00d52d59-b11d-4aa2-8f12-f1fda93857b5",
    "created": "2021-02-22T09:14:18.359Z",
    "modified": "2021-02-22T09:14:18.359Z",
    "tags": []
  }
},
{
  "model": "dmm.comment",
  "pk": "99d1b0cb-57e6-49b4-a515-8c12f3ca6d37",
  "fields": {
    "text": "Lorem ipsum dolor sit amet, consectetur adipiscing elit. Sed elementum sem ac magna suscipit, non.",
    "author_url": "OLOLO",
    "result": "f4170442-7676-4fb5-9aa5-f1bcaed33fac",
    "is_answer": false,
    "language_type": 1,
    "resource_type": 1,
    "date": "2021-02-22T20:53:00Z",
    "specie": 1,
    "tonal_type": 1,
    "clarification": "Lorem ipsum dolor sit amet, consectetur adipiscing elit.",
    "expert": "00d52d59-b11d-4aa2-8f12-f1fda93857b5",
    "created": "2021-02-23T03:11:25.038Z",
    "modified": "2021-02-23T03:11:25.038Z",
    "tags": []
  }
},
{
  "model": "dmm.comment",
  "pk": "9ab68573-7f0d-4820-88b9-c2d74f4b9486",
  "fields": {
    "text": "Lorem ipsum dolor sit amet, consectetur adipiscing elit. Sed elementum sem ac magna suscipit, non.",
    "author_url": "OLOLO",
    "result": "052806ac-a5b2-4812-bb39-47bef4d59410",
    "is_answer": false,
    "language_type": 1,
    "resource_type": 1,
    "date": "2021-02-22T20:53:00Z",
    "specie": 1,
    "tonal_type": 1,
    "clarification": "Lorem ipsum dolor sit amet, consectetur adipiscing elit.",
    "expert": "00d52d59-b11d-4aa2-8f12-f1fda93857b5",
    "created": "2021-02-23T03:16:14.325Z",
    "modified": "2021-02-23T03:16:14.325Z",
    "tags": []
  }
},
{
  "model": "dmm.comment",
  "pk": "a27973aa-f5eb-40f0-809f-9229b75a0e2e",
  "fields": {
    "text": "Lorem ipsum dolor sit amet, consectetur adipiscing elit. Sed elementum sem ac magna suscipit, non.",
    "author_url": "OLOLO",
    "result": "10f72205-61d7-41b1-bd91-1f5f64813c2c",
    "is_answer": false,
    "language_type": 1,
    "resource_type": 1,
    "date": "2021-02-22T04:19:00Z",
    "specie": 1,
    "tonal_type": 1,
    "clarification": "Lorem ipsum dolor sit amet, consectetur adipiscing elit.",
    "expert": "00d52d59-b11d-4aa2-8f12-f1fda93857b5",
    "created": "2021-02-22T10:29:42.069Z",
    "modified": "2021-02-22T10:29:42.069Z",
    "tags": [
      1,
      2
    ]
  }
},
{
  "model": "dmm.comment",
  "pk": "a936af08-c482-483c-a3d5-e9ea4b8e8950",
  "fields": {
    "text": "Lorem ipsum dolor sit amet, consectetur adipiscing elit. Sed elementum sem ac magna suscipit, non.",
    "author_url": "OLOLO",
    "result": "374f10ec-87a3-47c7-be4e-1a31972982e6",
    "is_answer": false,
    "language_type": 1,
    "resource_type": 1,
    "date": "2021-02-22T04:19:00Z",
    "specie": 1,
    "tonal_type": 1,
    "clarification": "Lorem ipsum dolor sit amet, consectetur adipiscing elit.",
    "expert": "00d52d59-b11d-4aa2-8f12-f1fda93857b5",
    "created": "2021-02-22T10:30:42.033Z",
    "modified": "2021-02-22T10:30:42.033Z",
    "tags": [
      1,
      2
    ]
  }
},
{
  "model": "dmm.comment",
  "pk": "af5e9e01-cd94-430a-8a1c-a021fcc8af29",
  "fields": {
    "text": "Lorem ipsum dolor sit amet, consectetur adipiscing elit. Sed elementum sem ac magna suscipit, non.",
    "author_url": "OLOLO",
    "result": "9abd8db1-834d-4410-88a9-6deb8875c186",
    "is_answer": false,
    "language_type": 1,
    "resource_type": 1,
    "date": "2021-02-22T02:52:00Z",
    "specie": 1,
    "tonal_type": null,
    "clarification": "Lorem ipsum dolor sit amet, consectetur adipiscing elit.",
    "expert": "00d52d59-b11d-4aa2-8f12-f1fda93857b5",
    "created": "2021-02-22T08:53:08.935Z",
    "modified": "2021-02-22T08:53:08.935Z",
    "tags": []
  }
},
{
  "model": "dmm.comment",
  "pk": "b7432fb6-5655-43be-adb3-f8c698f28075",
  "fields": {
    "text": "Lorem ipsum dolor sit amet, consectetur adipiscing elit. Sed elementum sem ac magna suscipit, non.",
    "author_url": "OLOLO",
    "result": "1a1e4baa-6c0f-4a8c-8a32-1ffa59a87c15",
    "is_answer": false,
    "language_type": 1,
    "resource_type": 1,
    "date": "2021-02-22T03:11:00Z",
    "specie": 1,
    "tonal_type": null,
    "clarification": "Lorem ipsum dolor sit amet, consectetur adipiscing elit.",
    "expert": "00d52d59-b11d-4aa2-8f12-f1fda93857b5",
    "created": "2021-02-22T09:14:13.928Z",
    "modified": "2021-02-22T09:14:13.928Z",
    "tags": []
  }
},
{
  "model": "dmm.comment",
  "pk": "c9774301-3dd7-4ff6-a9e9-b2ca54438240",
  "fields": {
    "text": "Lorem ipsum dolor sit amet, consectetur adipiscing elit. Sed elementum sem ac magna suscipit, non.",
    "author_url": "OLOLO",
    "result": "18c157d0-927a-4fe0-ab59-66e02348c025",
    "is_answer": false,
    "language_type": 1,
    "resource_type": 1,
    "date": "2021-02-22T02:59:00Z",
    "specie": 1,
    "tonal_type": null,
    "clarification": "Lorem ipsum dolor sit amet, consectetur adipiscing elit.",
    "expert": "00d52d59-b11d-4aa2-8f12-f1fda93857b5",
    "created": "2021-02-22T09:04:07.881Z",
    "modified": "2021-02-22T09:04:07.881Z",
    "tags": []
  }
},
{
  "model": "dmm.comment",
  "pk": "d718c2a0-38c6-4667-b83a-095a2a26ef94",
  "fields": {
    "text": "Lorem ipsum dolor sit amet, consectetur adipiscing elit. Sed elementum sem ac magna suscipit, non.",
    "author_url": "OLOLO",
    "result": "7a0c4785-35bc-463d-a445-0c4a40d8ddee",
    "is_answer": false,
    "language_type": 1,
    "resource_type": 1,
    "date": "2021-02-22T05:37:00Z",
    "specie": 1,
    "tonal_type": 1,
    "clarification": "Lorem ipsum dolor sit amet, consectetur adipiscing elit.",
    "expert": "00d52d59-b11d-4aa2-8f12-f1fda93857b5",
    "created": "2021-02-22T11:39:24.814Z",
    "modified": "2021-02-22T11:39:24.814Z",
    "tags": []
  }
},
{
  "model": "dmm.comment",
  "pk": "d81b2dfe-0a6a-41de-ac7a-624e348e3974",
  "fields": {
    "text": "Lorem ipsum dolor sit amet, consectetur adipiscing elit. Sed elementum sem ac magna suscipit, non.",
    "author_url": "OLOLO",
    "result": "dc530b7e-3695-4b06-b9a9-5c53c4acb718",
    "is_answer": false,
    "language_type": 1,
    "resource_type": 1,
    "date": "2021-02-22T03:27:00Z",
    "specie": 1,
    "tonal_type": 1,
    "clarification": "Lorem ipsum dolor sit amet, consectetur adipiscing elit.",
    "expert": "00d52d59-b11d-4aa2-8f12-f1fda93857b5",
    "created": "2021-02-22T10:11:04.978Z",
    "modified": "2021-02-22T10:11:04.978Z",
    "tags": []
  }
},
{
  "model": "dmm.comment",
  "pk": "df30b472-9e00-4ef6-8249-8bedf9c896ad",
  "fields": {
    "text": "Lorem ipsum dolor sit amet, consectetur adipiscing elit. Sed elementum sem ac magna suscipit, non.",
    "author_url": "OLOLO",
    "result": "91fa8f35-9c86-4c60-87bb-ccc0c885841e",
    "is_answer": false,
    "language_type": 1,
    "resource_type": 1,
    "date": "2021-02-22T02:59:00Z",
    "specie": 1,
    "tonal_type": null,
    "clarification": "Lorem ipsum dolor sit amet, consectetur adipiscing elit.",
    "expert": "00d52d59-b11d-4aa2-8f12-f1fda93857b5",
    "created": "2021-02-22T09:04:13.295Z",
    "modified": "2021-02-22T09:04:13.295Z",
    "tags": [
      1
    ]
  }
},
{
  "model": "dmm.comment",
  "pk": "eb49e6c5-2a97-4b65-9533-aa73e7660673",
  "fields": {
    "text": "Lorem ipsum dolor sit amet, consectetur adipiscing elit. Sed elementum sem ac magna suscipit, non.",
    "author_url": "OLOLO",
    "result": "5ea06cdd-b55c-48c4-8ae8-f7272ff297cb",
    "is_answer": false,
    "language_type": 1,
    "resource_type": 1,
    "date": "2021-02-22T04:19:00Z",
    "specie": 1,
    "tonal_type": 1,
    "clarification": "Lorem ipsum dolor sit amet, consectetur adipiscing elit.",
    "expert": "00d52d59-b11d-4aa2-8f12-f1fda93857b5",
    "created": "2021-02-22T10:29:12.554Z",
    "modified": "2021-02-22T10:29:12.554Z",
    "tags": []
  }
},
{
  "model": "dmm.comment",
  "pk": "efb4f3f9-3c53-44bc-ba1d-e8a2e3273c2d",
  "fields": {
    "text": "Lorem ipsum dolor sit amet, consectetur adipiscing elit. Sed elementum sem ac magna suscipit, non.",
    "author_url": "OLOLO",
    "result": "3b29bc8a-ca18-4538-9761-aa088d209c24",
    "is_answer": false,
    "language_type": 1,
    "resource_type": 1,
    "date": "2021-02-22T04:18:00Z",
    "specie": 1,
    "tonal_type": 1,
    "clarification": "Lorem ipsum dolor sit amet, consectetur adipiscing elit.",
    "expert": "00d52d59-b11d-4aa2-8f12-f1fda93857b5",
    "created": "2021-02-22T10:19:35.089Z",
    "modified": "2021-02-22T10:19:35.093Z",
    "tags": [
      1,
      2
    ]
  }
},
{
  "model": "dmm.comment",
  "pk": "f3c44687-c41a-4043-b54e-1818f3711438",
  "fields": {
    "text": "Lorem ipsum dolor sit amet, consectetur adipiscing elit. Sed elementum sem ac magna suscipit, non.",
    "author_url": "OLOLO",
    "result": "d908db57-7244-44cf-91d5-da6248ead59e",
    "is_answer": false,
    "language_type": 1,
    "resource_type": 1,
    "date": "2021-02-22T03:24:00Z",
    "specie": 1,
    "tonal_type": null,
    "clarification": "Lorem ipsum dolor sit amet, consectetur adipiscing elit.",
    "expert": "00d52d59-b11d-4aa2-8f12-f1fda93857b5",
    "created": "2021-02-22T09:27:12.085Z",
    "modified": "2021-02-22T09:27:12.085Z",
    "tags": []
  }
},
{
  "model": "dmm.comment",
  "pk": "f698b04c-7bc3-4a42-9127-6b7e048503f6",
  "fields": {
    "text": "Lorem ipsum dolor sit amet, consectetur adipiscing elit. Sed elementum sem ac magna suscipit, non.",
    "author_url": "OLOLO",
    "result": "c2b9130d-b017-4d59-8e02-b1ba83f48e15",
    "is_answer": false,
    "language_type": 1,
    "resource_type": 1,
    "date": "2021-02-22T04:19:00Z",
    "specie": 1,
    "tonal_type": 1,
    "clarification": "Lorem ipsum dolor sit amet, consectetur adipiscing elit.",
    "expert": "00d52d59-b11d-4aa2-8f12-f1fda93857b5",
    "created": "2021-02-22T10:27:04.973Z",
    "modified": "2021-02-22T10:27:04.973Z",
    "tags": [
      1,
      2
    ]
  }
},
{
  "model": "dmm.commentround",
  "pk": "41629eb4-e3ef-41c1-976a-f7d09eb44289",
  "fields": {
    "comment": null,
    "specie": null,
    "tonal_type": null,
    "clarification": null,
    "create_date": null,
    "expert": null
  }
},
{
  "model": "dmm.commentround",
  "pk": "46f1f27d-6e6a-4540-add1-63c71a1fc5be",
  "fields": {
    "comment": null,
    "specie": null,
    "tonal_type": null,
    "clarification": null,
    "create_date": null,
    "expert": null
  }
},
{
  "model": "dmm.commentround",
  "pk": "5bcf7cb2-bf47-426d-99ae-bc3316138f98",
  "fields": {
    "comment": null,
    "specie": null,
    "tonal_type": null,
    "clarification": null,
    "create_date": null,
    "expert": null
  }
},
{
  "model": "dmm.commentround",
  "pk": "a529e57a-1ae0-4695-9662-eb040f5e9f4a",
  "fields": {
    "comment": null,
    "specie": null,
    "tonal_type": null,
    "clarification": null,
    "create_date": null,
    "expert": null
  }
},
{
  "model": "dmm.commentround",
  "pk": "c27100dd-9879-46d8-9c23-3ee252ddb708",
  "fields": {
    "comment": null,
    "specie": null,
    "tonal_type": null,
    "clarification": null,
    "create_date": null,
    "expert": null
  }
},
{
  "model": "dmm.commentround",
  "pk": "cbbc1f9c-32ec-4bce-a71e-0bc332d965dc",
  "fields": {
    "comment": null,
    "specie": null,
    "tonal_type": null,
    "clarification": null,
    "create_date": null,
    "expert": null
  }
},
{
  "model": "dmm.commentround",
  "pk": "e7229565-c626-43f7-8941-9bb83ec8d766",
  "fields": {
    "comment": null,
    "specie": null,
    "tonal_type": null,
    "clarification": null,
    "create_date": null,
    "expert": null
  }
},
{
  "model": "dmm.commentround",
  "pk": "fc76b2be-4f0b-474b-838c-f2fbd3d6ead3",
  "fields": {
    "comment": null,
    "specie": null,
    "tonal_type": null,
    "clarification": null,
    "create_date": null,
    "expert": null
  }
},
{
  "model": "dmm.commentroundtags",
  "pk": 1,
  "fields": {
    "tag": 1,
    "comment_round": "e7229565-c626-43f7-8941-9bb83ec8d766",
    "is_present": null
  }
},
{
  "model": "dmm.commentroundtags",
  "pk": 2,
  "fields": {
    "tag": 2,
    "comment_round": "e7229565-c626-43f7-8941-9bb83ec8d766",
    "is_present": null
  }
},
{
  "model": "dmm.commentroundtags",
  "pk": 3,
  "fields": {
    "tag": 1,
    "comment_round": "5bcf7cb2-bf47-426d-99ae-bc3316138f98",
    "is_present": null
  }
},
{
  "model": "dmm.commentroundtags",
  "pk": 4,
  "fields": {
    "tag": 2,
    "comment_round": "5bcf7cb2-bf47-426d-99ae-bc3316138f98",
    "is_present": null
  }
},
{
  "model": "dmm.commentroundtags",
  "pk": 5,
  "fields": {
    "tag": 1,
    "comment_round": "41629eb4-e3ef-41c1-976a-f7d09eb44289",
    "is_present": null
  }
},
{
  "model": "dmm.commentroundtags",
  "pk": 6,
  "fields": {
    "tag": 2,
    "comment_round": "41629eb4-e3ef-41c1-976a-f7d09eb44289",
    "is_present": null
  }
},
{
  "model": "dmm.commentroundtags",
  "pk": 7,
  "fields": {
    "tag": 1,
    "comment_round": "fc76b2be-4f0b-474b-838c-f2fbd3d6ead3",
    "is_present": null
  }
},
{
  "model": "dmm.commentroundtags",
  "pk": 8,
  "fields": {
    "tag": 2,
    "comment_round": "fc76b2be-4f0b-474b-838c-f2fbd3d6ead3",
    "is_present": null
  }
},
{
  "model": "dmm.commentroundtags",
  "pk": 9,
  "fields": {
    "tag": 1,
    "comment_round": "cbbc1f9c-32ec-4bce-a71e-0bc332d965dc",
    "is_present": null
  }
},
{
  "model": "dmm.commentroundtags",
  "pk": 10,
  "fields": {
    "tag": 2,
    "comment_round": "cbbc1f9c-32ec-4bce-a71e-0bc332d965dc",
    "is_present": null
  }
},
{
  "model": "dmm.commentroundtags",
  "pk": 11,
  "fields": {
    "tag": 1,
    "comment_round": "46f1f27d-6e6a-4540-add1-63c71a1fc5be",
    "is_present": null
  }
},
{
  "model": "dmm.commentroundtags",
  "pk": 12,
  "fields": {
    "tag": 2,
    "comment_round": "46f1f27d-6e6a-4540-add1-63c71a1fc5be",
    "is_present": null
  }
},
{
  "model": "dmm.commentroundtags",
  "pk": 13,
  "fields": {
    "tag": 1,
    "comment_round": "c27100dd-9879-46d8-9c23-3ee252ddb708",
    "is_present": null
  }
},
{
  "model": "dmm.commentroundtags",
  "pk": 14,
  "fields": {
    "tag": 2,
    "comment_round": "c27100dd-9879-46d8-9c23-3ee252ddb708",
    "is_present": null
  }
},
{
  "model": "dmm.commentroundtags",
  "pk": 15,
  "fields": {
    "tag": 1,
    "comment_round": "a529e57a-1ae0-4695-9662-eb040f5e9f4a",
    "is_present": null
  }
},
{
  "model": "dmm.commentroundtags",
  "pk": 16,
  "fields": {
    "tag": 2,
    "comment_round": "a529e57a-1ae0-4695-9662-eb040f5e9f4a",
    "is_present": null
  }
}
]
